order_id,customer_id,customer_name,gender,city,state,customer_segment,order_date,shipping_date,payment_method,order_status,product_id,product_name,category,supplier_type,quantity,unit_price,unit_cost,discount,gross_sales,discount_amount,net_sales,estimated_cost,profit
51179,141,Ananya Joshi,Male,Lucknow,Uttar Pradesh,Regular,2025-02-11,2025-02-17,Debit Card,Delivered,1025,Novel,Books,Local,1,3152.83,1822.24,0.0,3152.83,0.0,3152.83,1822.24,1330.59
50866,212,Aditi Bansal,Male,Hyderabad,Telangana,New,2025-10-26,2025-10-30,Credit Card,Delivered,1011,Cushion Set,Home,Local,1,2158.18,1240.02,0.2,2158.18,431.64,1726.54,1240.02,486.52
50102,275,Manav Verma,Male,Ahmedabad,Gujarat,Premium,2025-02-01,2025-02-05,Net Banking,Delivered,1036,Sports Bottle,Sports,Global,1,4088.91,2569.4,,4088.91,0.0,4088.91,2569.4,1519.51
50440,22,Dev Chopra,Male,Jaipur,Rajasthan,New,2025-04-03,,Net Banking,Cancelled,1034,Skipping Rope,Sports,Global,2,2452.91,1835.2,0.0,4905.82,0.0,4905.82,3670.4,1235.42
50059,231,Tanya Gupta,Female,Chennai,Tamil Nadu,Regular,2025-12-31,2026-01-02,UPI,Delivered,1013,T-Shirt,Fashion,Local,1,1702.87,1433.92,0.05,1702.87,85.14,1617.73,1433.92,183.81
51121,84,Karan Mehta,Female,Bengaluru,Karnataka,Regular,2024-02-25,2024-03-02,Wallet,Delivered,1008,Bedsheet,Home,Global,1,1858.88,1381.04,0.05,1858.88,92.94,1765.94,1381.04,384.9
50324,229,Priya Patel,Female,Chennai,Tamil Nadu,Regular,2024-07-20,2024-07-27,Debit Card,Delivered,1003,Bluetooth Speaker,Electronics,Local,2,721.29,594.58,0.1,1442.58,144.26,1298.32,1189.16,109.16
50975,110,Neha Patel,Male,Chennai,Tamil Nadu,Regular,2025-03-31,2025-04-05,Wallet,Shipped,1014,Jeans,Fashion,Local,2,4761.64,2902.05,0.0,9523.28,0.0,9523.28,5804.1,3719.18
50412,151,Nisha Verma,Female,Pune,Maharashtra,Regular,2025-10-30,2025-11-03,Debit Card,Delivered,1005,Keyboard,Electronics,National,2,494.6,310.77,0.1,989.2,98.92,890.28,621.54,268.74
50856,51,Aditi Patel,Female,Kolkata,West Bengal,Regular,2024-03-21,2024-03-25,UPI,Delivered,1027,Data Science Book,Books,Local,1,276.54,194.56,0.0,276.54,0.0,276.54,194.56,81.98
50821,171,Nisha Verma,Male,Jaipur,Rajasthan,New,2026-04-24,2026-04-25,UPI,Delivered,1017,Backpack,Fashion,National,1,903.6,644.09,0.0,903.6,0.0,903.6,644.09,259.51
50045,173,Kriti Chopra,Female,Delhi,Delhi,Regular,2025-04-11,2025-04-18,Cash,Delivered,1001,Wireless Earbuds,Electronics,Global,1,2096.32,1217.44,0.0,2096.32,0.0,2096.32,1217.44,878.88
50050,164,Kabir Mehta,Male,Chennai,Tamil Nadu,Regular,2025-10-13,2025-10-17,Credit Card,Delivered,1013,T-Shirt,Fashion,Local,1,1702.87,1433.92,0.1,1702.87,170.29,1532.58,1433.92,98.66
50850,221,Simran Singh,Male,Lucknow,Uttar Pradesh,Regular,2025-01-04,2025-01-06,Wallet,Delivered,1004,Power Bank,Electronics,National,1,2950.53,1863.18,0.0,2950.53,0.0,2950.53,1863.18,1087.35
50241,93,Sanya Mehta,Male,Hyderabad,Telangana,Premium,2025-05-19,2025-05-24,UPI,Shipped,1007,Table Lamp,Home,Local,1,2919.43,1909.82,0.0,2919.43,0.0,2919.43,1909.82,1009.61
50171,278,Meera Agarwal,Female,Mumbai,Maharashtra,Regular,2024-08-20,2024-08-25,Credit Card,Delivered,1007,Table Lamp,Home,Local,1,2919.43,1909.82,0.1,2919.43,291.94,2627.49,1909.82,717.67
50524,204,Priya Bansal,Male,Lucknow,Uttar Pradesh,Regular,2024-07-12,2024-07-16,Wallet,Delivered,1031,Yoga Mat,Sports,Local,1,3412.53,2005.57,0.1,3412.53,341.25,3071.28,2005.57,1065.71
50766,24,Rohan Singh,Female,Pune,Maharashtra,New,2025-12-18,,Cash,Cancelled,1024,Hair Serum,Beauty,Local,1,1678.65,1257.73,0.0,1678.65,0.0,1678.65,1257.73,420.92
50839,33,Ananya Singh,Male,Jaipur,Rajasthan,New,2024-09-16,2024-09-23,Debit Card,Delivered,1035,Dumbbells,Sports,National,1,1867.02,1495.81,0.15,1867.02,280.05,1586.97,1495.81,91.16
50424,175,Aman Joshi,Male,Ahmedabad,Gujarat,Regular,2025-03-21,2025-03-23,Wallet,Delivered,1031,Yoga Mat,Sports,Local,1,3412.53,2005.57,0.0,3412.53,0.0,3412.53,2005.57,1406.96
50381,186,Ananya Agarwal,Female,Lucknow,Uttar Pradesh,Regular,2024-12-29,2025-01-03,Credit Card,Delivered,1011,Cushion Set,Home,Local,2,2158.18,1240.02,0.05,4316.36,215.82,4100.54,2480.04,1620.5
50610,196,Ananya Verma,Female,Mumbai,Maharashtra,Premium,2026-04-21,2026-04-28,Net Banking,Delivered,1011,Cushion Set,Home,Local,1,2158.18,1240.02,0.0,2158.18,0.0,2158.18,1240.02,918.16
50677,144,Nisha Jain,Male,Mumbai,Maharashtra,Regular,2026-01-19,,Cash,Cancelled,1029,Biography,Books,Global,1,1136.3,716.7,0.05,1136.3,56.82,1079.48,716.7,362.78
50345,108,Aditi Patel,Male,Ahmedabad,Gujarat,Regular,2025-06-14,2025-06-15,Credit Card,Delivered,1011,Cushion Set,Home,Local,2,2158.18,1240.02,0.0,4316.36,0.0,4316.36,2480.04,1836.32
50110,61,Rahul Bansal,Male,Chandigarh,Chandigarh,Regular,2026-02-18,2026-02-23,Debit Card,Delivered,1008,Bedsheet,Home,Global,1,1858.88,1381.04,0.05,1858.88,92.94,1765.94,1381.04,384.9
50278,145,Vivaan Agarwal,Female,Pune,Maharashtra,Regular,2024-03-05,2024-03-08,Credit Card,Delivered,1034,Skipping Rope,Sports,Global,1,2452.91,1835.2,0.1,2452.91,245.29,2207.62,1835.2,372.42
50678,66,Arjun Verma,Male,Delhi,Delhi,Regular,2024-03-19,2024-03-24,Credit Card,Shipped,1018,Watch,Fashion,National,1,2767.2,2038.19,0.0,2767.2,0.0,2767.2,2038.19,729.01
50571,157,Vivaan Joshi,Female,Bengaluru,Karnataka,Regular,2024-11-30,2024-12-02,Credit Card,Delivered,1016,Sneakers,Fashion,Global,3,3204.04,2097.3,0.2,9612.12,1922.42,7689.7,6291.9,1397.8
50359,54,Tanya Verma,Female,Ahmedabad,Gujarat,Premium,2025-12-30,2025-12-31,Cash,Delivered,1003,Bluetooth Speaker,Electronics,Local,2,721.29,594.58,0.0,1442.58,0.0,1442.58,1189.16,253.42
50599,27,Aditi Patel,Female,Mumbai,Maharashtra,Regular,2026-01-08,2026-01-12,Net Banking,Delivered,1021,Moisturizer,Beauty,Global,1,2179.97,1276.18,0.2,2179.97,435.99,1743.98,1276.18,467.8
50391,6,Dev Bansal,Male,Lucknow,Uttar Pradesh,Regular,2026-03-02,2026-03-04,Wallet,Delivered,1013,T-Shirt,Fashion,Local,1,1702.87,1433.92,0.0,1702.87,0.0,1702.87,1433.92,268.95
50894,35,Tanya Mehta,Other,Mumbai,Maharashtra,Regular,2026-03-11,,Net Banking,Cancelled,1010,Water Bottle,Home,Global,2,2359.62,1449.8,0.0,4719.24,0.0,4719.24,2899.6,1819.64
50693,204,Priya Bansal,Male,Lucknow,Uttar Pradesh,Regular,2025-03-06,2025-03-08,Credit Card,Delivered,1032,Cricket Bat,Sports,Global,2,2636.49,1926.4,0.0,5272.98,0.0,5272.98,3852.8,1420.18
50728,112,Nisha Mehta,Male,Ahmedabad,Gujarat,Regular,2025-10-17,2025-10-23,Debit Card,Delivered,1008,Bedsheet,Home,Global,1,1858.88,1381.04,0.05,1858.88,92.94,1765.94,1381.04,384.9
50363,240,Meera Agarwal,Female,Kolkata,West Bengal,Regular,2025-09-18,2025-09-25,Debit Card,Delivered,1013,T-Shirt,Fashion,Local,1,1702.87,1433.92,0.0,1702.87,0.0,1702.87,1433.92,268.95
50597,215,Rahul Joshi,Female,Hyderabad,Telangana,Regular,2024-06-06,2024-06-13,Net Banking,Delivered,1011,Cushion Set,Home,Local,1,2158.18,1240.02,0.05,2158.18,107.91,2050.27,1240.02,810.25
50428,192,Aditi Chopra,Female,Bengaluru,Karnataka,Regular,2026-02-03,2026-02-04,Wallet,Delivered,1008,Bedsheet,Home,Global,1,1858.88,1381.04,0.05,1858.88,92.94,1765.94,1381.04,384.9
50071,70,Nisha Chopra,Male,Kolkata,West Bengal,Premium,2025-08-24,2025-08-30,Credit Card,Delivered,1035,Dumbbells,Sports,National,1,1867.02,1495.81,0.1,1867.02,186.7,1680.32,1495.81,184.51
50322,60,Nisha Bansal,Female,Ahmedabad,Gujarat,New,2025-09-01,2025-09-07,Net Banking,Shipped,1023,Sunscreen,Beauty,Local,2,2823.99,1634.38,0.05,5647.98,282.4,5365.58,3268.76,2096.82
50653,119,Arjun Jain,Female,Indore,Madhya Pradesh,Regular,2025-08-20,2025-08-26,UPI,Delivered,1027,Data Science Book,Books,Local,1,276.54,194.56,0.0,276.54,0.0,276.54,194.56,81.98
51066,296,Simran Sharma,Female,Hyderabad,Telangana,Regular,2026-05-17,2026-05-23,Net Banking,Delivered,1006,Mouse,Electronics,Local,2,969.37,755.17,0.05,1938.74,96.94,1841.8,1510.34,331.46
50108,276,Manav Gupta,Female,Jaipur,Rajasthan,Regular,2025-05-19,2025-05-22,Cash,Delivered,1007,Table Lamp,Home,Local,1,2919.43,1909.82,0.0,2919.43,0.0,2919.43,1909.82,1009.61
51109,165,Aman Agarwal,Male,Chandigarh,Chandigarh,Regular,2024-08-02,2024-08-07,UPI,Delivered,1003,Bluetooth Speaker,Electronics,Local,1,721.29,594.58,0.0,721.29,0.0,721.29,594.58,126.71
50356,206,Advik Mehta,Male,Hyderabad,Telangana,Regular,2026-04-26,2026-05-02,Net Banking,Shipped,1031,Yoga Mat,Sports,Local,1,3412.53,2005.57,0.05,3412.53,170.63,3241.9,2005.57,1236.33
50951,52,Meera Mehta,Female,Bengaluru,Karnataka,Regular,2025-07-25,2025-08-01,Net Banking,Delivered,1025,Novel,Books,Local,2,3152.83,1822.24,0.0,6305.66,0.0,6305.66,3644.48,2661.18
50343,245,Neha Sharma,Male,Bengaluru,Karnataka,Premium,2024-04-16,2024-04-23,Debit Card,Delivered,1021,Moisturizer,Beauty,Global,2,2179.97,1276.18,0.0,4359.94,0.0,4359.94,2552.36,1807.58
50355,169,Tanya Khan,Male,Mumbai,Maharashtra,Premium,2024-11-05,,Credit Card,Cancelled,1005,Keyboard,Electronics,National,1,494.6,310.77,0.0,494.6,0.0,494.6,310.77,183.83
50024,136,Riya Joshi,Male,Jaipur,Rajasthan,Regular,2025-05-29,,Net Banking,Cancelled,1023,Sunscreen,Beauty,Local,1,2823.99,1634.38,0.0,2823.99,0.0,2823.99,1634.38,1189.61
50044,232,Arjun Khan,Female,Chennai,Tamil Nadu,New,2026-02-27,2026-03-03,Credit Card,Shipped,1008,Bedsheet,Home,Global,2,1858.88,1381.04,0.1,3717.76,371.78,3345.98,2762.08,583.9
50244,45,Priya Patel,Male,Indore,Madhya Pradesh,Premium,2024-11-30,2024-12-03,Net Banking,Delivered,1029,Biography,Books,Global,1,1136.3,716.7,0.0,1136.3,0.0,1136.3,716.7,419.6
50738,109,Rohan Bansal,Female,Mumbai,Maharashtra,Regular,2025-12-19,2025-12-21,Wallet,Delivered,1004,Power Bank,Electronics,National,1,2950.53,1863.18,0.0,2950.53,0.0,2950.53,1863.18,1087.35
51136,38,Priya Patel,Male,Hyderabad,Telangana,Regular,2024-09-01,2024-09-08,Wallet,Delivered,1010,Water Bottle,Home,Global,1,2359.62,1449.8,0.0,2359.62,0.0,2359.62,1449.8,909.82
50368,116,Rohan Sharma,Female,Lucknow,Uttar Pradesh,Premium,2025-09-21,2025-09-28,UPI,Delivered,1007,Table Lamp,Home,Local,1,2919.43,1909.82,0.0,2919.43,0.0,2919.43,1909.82,1009.61
50164,102,Pooja Sharma,Female,Hyderabad,Telangana,Regular,2024-01-17,,Cash,Cancelled,1024,Hair Serum,Beauty,Local,2,1678.65,1257.73,0.15,3357.3,503.6,2853.7,2515.46,338.24
51116,18,Ananya Singh,Female,Lucknow,Uttar Pradesh,Regular,2026-04-04,2026-04-07,Wallet,Delivered,1002,Smartwatch,Electronics,National,1,3606.11,2372.12,0.05,3606.11,180.31,3425.8,2372.12,1053.68
50333,191,Sanya Sharma,Male,Lucknow,Uttar Pradesh,Regular,2026-05-28,2026-05-29,Cash,Delivered,1012,Wall Clock,Home,Local,1,431.0,282.38,0.0,431.0,0.0,431.0,282.38,148.62
50989,30,Nisha Patel,Male,Hyderabad,Telangana,New,2024-10-11,2024-10-17,UPI,Delivered,1026,Programming Book,Books,Local,1,903.16,551.63,0.0,903.16,0.0,903.16,551.63,351.53
51173,158,Simran Agarwal,Male,Pune,Maharashtra,Regular,2025-12-18,2025-12-20,Debit Card,Delivered,1031,Yoga Mat,Sports,Local,1,3412.53,2005.57,0.0,3412.53,0.0,3412.53,2005.57,1406.96
51002,69,Sanya Bansal,Male,Mumbai,Maharashtra,New,2025-12-27,2025-12-30,Wallet,Delivered,1017,Backpack,Fashion,National,1,903.6,644.09,0.0,903.6,0.0,903.6,644.09,259.51
50378,70,Nisha Chopra,Male,Kolkata,West Bengal,Premium,2024-02-13,2024-02-14,Wallet,Delivered,1019,Face Wash,Beauty,Local,1,1116.61,742.63,0.05,1116.61,55.83,1060.78,742.63,318.15
50310,220,Dev Verma,Male,Indore,Madhya Pradesh,Regular,2026-06-08,2026-06-09,Credit Card,Delivered,1021,Moisturizer,Beauty,Global,1,2179.97,1276.18,0.0,2179.97,0.0,2179.97,1276.18,903.79
50156,217,Aarav Mehta,Male,Kolkata,West Bengal,Premium,2025-09-23,2025-09-26,Net Banking,Delivered,1021,Moisturizer,Beauty,Global,2,2179.97,1276.18,0.0,4359.94,0.0,4359.94,2552.36,1807.58
50211,219,Manav Khan,Female,Indore,Madhya Pradesh,Regular,2025-11-19,2025-11-23,Debit Card,Delivered,1003,Bluetooth Speaker,Electronics,Local,1,721.29,594.58,0.05,721.29,36.06,685.23,594.58,90.65
50087,259,Kabir Bansal,Female,Kolkata,West Bengal,New,2024-10-09,2024-10-13,Wallet,Delivered,1033,Football,Sports,Global,1,1414.92,1036.3,0.0,1414.92,0.0,1414.92,1036.3,378.62
50169,59,Dev Khan,Male,Chandigarh,Chandigarh,Regular,2025-10-05,2025-10-12,Net Banking,Shipped,1029,Biography,Books,Global,1,1136.3,716.7,0.05,1136.3,56.82,1079.48,716.7,362.78
50995,280,Vivaan Verma,Female,Hyderabad,Telangana,New,2026-05-15,2026-05-17,Net Banking,Delivered,1004,Power Bank,Electronics,National,1,2950.53,1863.18,0.05,2950.53,147.53,2803.0,1863.18,939.82
50052,114,Aditi Sharma,Female,Lucknow,Uttar Pradesh,Regular,2026-02-28,2026-03-05,Cash,Delivered,1021,Moisturizer,Beauty,Global,2,2179.97,1276.18,,4359.94,0.0,4359.94,2552.36,1807.58
50439,24,Rohan Singh,Female,Pune,Maharashtra,New,2025-01-18,2025-01-24,Debit Card,Delivered,1022,Perfume,Beauty,Global,1,3417.35,2777.34,0.0,3417.35,0.0,3417.35,2777.34,640.01
50550,90,Ananya Bansal,Male,Bengaluru,Karnataka,Regular,2025-11-28,2025-12-04,Wallet,Delivered,1025,Novel,Books,Local,2,3152.83,1822.24,0.0,6305.66,0.0,6305.66,3644.48,2661.18
50491,65,Ananya Agarwal,Female,Ahmedabad,Gujarat,Regular,2026-06-18,2026-06-21,Credit Card,Delivered,1023,Sunscreen,Beauty,Local,1,2823.99,1634.38,0.05,2823.99,141.2,2682.79,1634.38,1048.41
50426,190,Vivaan Gupta,Female,Chandigarh,Chandigarh,Regular,2025-07-12,2025-07-16,Credit Card,Shipped,1024,Hair Serum,Beauty,Local,4,1678.65,1257.73,0.05,6714.6,335.73,6378.87,5030.92,1347.95
50136,149,Priya Verma,Female,Chennai,Tamil Nadu,Premium,2026-01-27,2026-01-31,Cash,Delivered,1005,Keyboard,Electronics,National,2,494.6,310.77,0.0,989.2,0.0,989.2,621.54,367.66
51192,267,Vivaan Khan,Female,Delhi,Delhi,Regular,2025-10-30,,Wallet,Cancelled,1024,Hair Serum,Beauty,Local,1,1678.65,1257.73,0.0,1678.65,0.0,1678.65,1257.73,420.92
50055,285,Priya Bansal,Male,Lucknow,Uttar Pradesh,Regular,2026-02-19,2026-02-22,Net Banking,Delivered,1021,Moisturizer,Beauty,Global,2,2179.97,1276.18,0.15,4359.94,653.99,3705.95,2552.36,1153.59
50079,28,Ananya Sharma,Male,Ahmedabad,Gujarat,Regular,2024-02-12,2024-02-14,Wallet,Delivered,1017,Backpack,Fashion,National,1,903.6,644.09,0.0,903.6,0.0,903.6,644.09,259.51
50431,69,Sanya Bansal,Male,Mumbai,Maharashtra,New,2025-10-21,2025-10-25,Debit Card,Delivered,1009,Storage Box,Home,Global,1,1556.03,1289.6,,1556.03,0.0,1556.03,1289.6,266.43
50185,17,Ishita Chopra,Male,Indore,Madhya Pradesh,New,2024-09-30,2024-10-01,Net Banking,Returned,1020,Shampoo,Beauty,National,1,4724.9,2913.32,0.0,4724.9,0.0,4724.9,2913.32,1811.58
50057,30,Nisha Patel,Male,Hyderabad,Telangana,New,2026-03-17,2026-03-22,UPI,Delivered,1008,Bedsheet,Home,Global,1,1858.88,1381.04,0.0,1858.88,0.0,1858.88,1381.04,477.84
50943,260,Neha Patel,Male,Mumbai,Maharashtra,Regular,2024-07-15,2024-07-17,UPI,Delivered,1028,Exam Guide,Books,Global,1,847.54,716.34,0.0,847.54,0.0,847.54,716.34,131.2
50851,17,Ishita Chopra,Male,Indore,Madhya Pradesh,New,2025-12-28,2026-01-03,Net Banking,Shipped,1035,Dumbbells,Sports,National,1,1867.02,1495.81,0.0,1867.02,0.0,1867.02,1495.81,371.21
51164,285,Priya Bansal,Male,Lucknow,Uttar Pradesh,Regular,2024-01-02,2024-01-05,Debit Card,Delivered,1001,Wireless Earbuds,Electronics,Global,1,2096.32,1217.44,0.05,2096.32,104.82,1991.5,1217.44,774.06
50219,73,Rohan Joshi,Male,Hyderabad,Telangana,New,2024-09-04,2024-09-11,Debit Card,Delivered,1020,Shampoo,Beauty,National,1,4724.9,2913.32,0.1,4724.9,472.49,4252.41,2913.32,1339.09
50845,229,Priya Patel,Female,Chennai,Tamil Nadu,Regular,2024-03-26,2024-03-29,UPI,Delivered,1014,Jeans,Fashion,Local,1,4761.64,2902.05,0.0,4761.64,0.0,4761.64,2902.05,1859.59
50114,59,Dev Khan,Male,Chandigarh,Chandigarh,Regular,2024-07-01,2024-07-06,Net Banking,Shipped,1011,Cushion Set,Home,Local,1,2158.18,1240.02,0.05,2158.18,107.91,2050.27,1240.02,810.25
50549,144,Nisha Jain,Male,Mumbai,Maharashtra,Regular,2025-02-24,2025-03-02,Net Banking,Delivered,1016,Sneakers,Fashion,Global,1,3204.04,2097.3,0.0,3204.04,0.0,3204.04,2097.3,1106.74
51019,27,Aditi Patel,Female,Mumbai,Maharashtra,Regular,2025-02-05,,Credit Card,Cancelled,1005,Keyboard,Electronics,National,1,494.6,310.77,0.0,494.6,0.0,494.6,310.77,183.83
51073,254,Karan Mehta,Female,Chennai,Tamil Nadu,Regular,2025-12-22,2025-12-25,Net Banking,Delivered,1023,Sunscreen,Beauty,Local,1,2823.99,1634.38,0.05,2823.99,141.2,2682.79,1634.38,1048.41
50175,122,Tanya Verma,Female,Kolkata,West Bengal,Regular,2024-10-03,2024-10-10,Wallet,Returned,1022,Perfume,Beauty,Global,2,3417.35,2777.34,0.05,6834.7,341.74,6492.96,5554.68,938.28
51023,93,Sanya Mehta,Male,Hyderabad,Telangana,Premium,2024-02-11,2024-02-16,Debit Card,Shipped,1008,Bedsheet,Home,Global,1,1858.88,1381.04,0.0,1858.88,0.0,1858.88,1381.04,477.84
50616,37,Rahul Patel,Female,Lucknow,Uttar Pradesh,Regular,2026-03-04,2026-03-09,Debit Card,Delivered,1008,Bedsheet,Home,Global,1,1858.88,1381.04,0.1,1858.88,185.89,1672.99,1381.04,291.95
50514,55,Simran Jain,Male,Pune,Maharashtra,Regular,2025-03-11,2025-03-16,Credit Card,Delivered,1021,Moisturizer,Beauty,Global,1,2179.97,1276.18,0.1,2179.97,218.0,1961.97,1276.18,685.79
50462,46,Karan Chopra,Male,Ahmedabad,Gujarat,Regular,2024-10-28,2024-10-30,Net Banking,Delivered,1001,Wireless Earbuds,Electronics,Global,1,2096.32,1217.44,0.0,2096.32,0.0,2096.32,1217.44,878.88
50287,205,Rahul Jain,Male,Jaipur,Rajasthan,New,2024-12-02,2024-12-04,UPI,Delivered,1001,Wireless Earbuds,Electronics,Global,1,2096.32,1217.44,0.0,2096.32,0.0,2096.32,1217.44,878.88
50382,22,Dev Chopra,Male,Jaipur,Rajasthan,New,2025-03-25,2025-04-01,Wallet,Shipped,1025,Novel,Books,Local,1,3152.83,1822.24,0.0,3152.83,0.0,3152.83,1822.24,1330.59
51008,183,Manav Sharma,Female,Lucknow,Uttar Pradesh,New,2026-05-24,2026-05-30,Wallet,Delivered,1015,Hoodie,Fashion,Global,3,256.42,195.5,0.15,769.26,115.39,653.87,586.5,67.37
50671,229,Priya Patel,Female,Chennai,Tamil Nadu,Regular,2024-10-23,,Wallet,Cancelled,1026,Programming Book,Books,Local,1,903.16,551.63,0.0,903.16,0.0,903.16,551.63,351.53
50535,128,Vivaan Mehta,Other,Pune,Maharashtra,Regular,2024-06-21,2024-06-23,Net Banking,Delivered,1026,Programming Book,Books,Local,1,903.16,551.63,0.15,903.16,135.47,767.69,551.63,216.06
50910,280,Vivaan Verma,Female,Hyderabad,Telangana,New,2024-03-12,2024-03-17,Net Banking,Delivered,1030,Comics,Books,Global,1,2869.89,2348.12,0.1,2869.89,286.99,2582.9,2348.12,234.78
50293,237,Meera Gupta,Female,Pune,Maharashtra,Regular,2024-03-12,,Cash,Cancelled,1001,Wireless Earbuds,Electronics,Global,1,2096.32,1217.44,0.0,2096.32,0.0,2096.32,1217.44,878.88
50124,172,Rahul Agarwal,Female,Mumbai,Maharashtra,Premium,2026-04-26,2026-04-27,Debit Card,Delivered,1032,Cricket Bat,Sports,Global,1,2636.49,1926.4,0.1,2636.49,263.65,2372.84,1926.4,446.44
50583,135,Rahul Chopra,Male,Delhi ,Delhi,Regular,2025-06-21,2025-06-28,Net Banking,Delivered,1028,Exam Guide,Books,Global,1,847.54,716.34,0.05,847.54,42.38,805.16,716.34,88.82
50141,208,Meera Sharma,Male,Chennai,Tamil Nadu,Regular,2024-04-23,2024-04-29,Net Banking,Delivered,1022,Perfume,Beauty,Global,2,3417.35,2777.34,0.1,6834.7,683.47,6151.23,5554.68,596.55
50736,20,Vivaan Sharma,Male,Indore,Madhya Pradesh,Regular,2025-10-04,2025-10-05,UPI,Delivered,1026,Programming Book,Books,Local,1,903.16,551.63,0.05,903.16,45.16,858.0,551.63,306.37
50082,277,Simran Gupta,Female,Pune,Maharashtra,Premium,2025-06-15,2025-06-19,Cash,Delivered,1022,Perfume,Beauty,Global,1,3417.35,2777.34,0.0,3417.35,0.0,3417.35,2777.34,640.01
50882,278,Meera Agarwal,Female,Mumbai,Maharashtra,Regular,2026-04-15,2026-04-20,UPI,Delivered,1019,Face Wash,Beauty,Local,1,1116.61,742.63,0.05,1116.61,55.83,1060.78,742.63,318.15
50740,268,Meera Bansal,Female,Pune,Maharashtra,Premium,2025-02-08,2025-02-09,UPI,Delivered,1025,Novel,Books,Local,2,3152.83,1822.24,0.1,6305.66,630.57,5675.09,3644.48,2030.61
51102,201,Tanya Sharma,Female,Lucknow,Uttar Pradesh,Regular,2024-02-28,2024-03-05,Cash,Delivered,1015,Hoodie,Fashion,Global,2,256.42,195.5,0.0,512.84,0.0,512.84,391.0,121.84
50909,154,Pooja Sharma,Female,Chennai,Tamil Nadu,Regular,2025-10-14,2025-10-21,Debit Card,Shipped,1023,Sunscreen,Beauty,Local,1,2823.99,1634.38,0.0,2823.99,0.0,2823.99,1634.38,1189.61
51167,13,Kriti Mehta,Female,Jaipur,Rajasthan,Regular,2024-10-23,2024-10-27,Credit Card,Delivered,1021,Moisturizer,Beauty,Global,1,2179.97,1276.18,0.0,2179.97,0.0,2179.97,1276.18,903.79
50937,62,Aditi Singh,Female,Delhi,Delhi,Premium,2024-04-28,2024-05-02,Wallet,Delivered,1007,Table Lamp,Home,Local,1,2919.43,1909.82,0.0,2919.43,0.0,2919.43,1909.82,1009.61
50372,169,Tanya Khan,Male,Mumbai,Maharashtra,Premium,2024-11-25,2024-11-27,Net Banking,Delivered,1027,Data Science Book,Books,Local,1,276.54,194.56,0.0,276.54,0.0,276.54,194.56,81.98
50890,28,Ananya Sharma,Male,Ahmedabad,Gujarat,Regular,2026-02-24,2026-02-25,Debit Card,Delivered,1006,Mouse,Electronics,Local,4,969.37,755.17,0.0,3877.48,0.0,3877.48,3020.68,856.8
50157,273,Ishita Bansal,Male,Mumbai,Maharashtra,Premium,2025-03-27,2025-03-29,Wallet,Delivered,1009,Storage Box,Home,Global,1,1556.03,1289.6,0.1,1556.03,155.6,1400.43,1289.6,110.83
50992,142,Vivaan Singh,Female,Bengaluru,Karnataka,Regular,2025-10-07,2025-10-13,Wallet,Shipped,1012,Wall Clock,Home,Local,1,431.0,282.38,0.1,431.0,43.1,387.9,282.38,105.52
50622,149,Priya Verma,Female,Chennai,Tamil Nadu,Premium,2025-11-30,,Credit Card,Cancelled,1023,Sunscreen,Beauty,Local,1,2823.99,1634.38,0.0,2823.99,0.0,2823.99,1634.38,1189.61
51038,38,Priya Patel,Male,Hyderabad,Telangana,Regular,2024-12-22,2024-12-24,UPI,Delivered,1010,Water Bottle,Home,Global,2,2359.62,1449.8,0.1,4719.24,471.92,4247.32,2899.6,1347.72
50245,62,Aditi Singh,Female,Delhi,Delhi,Premium,2025-10-05,2025-10-08,Cash,Delivered,1011,Cushion Set,Home,Local,2,2158.18,1240.02,,4316.36,0.0,4316.36,2480.04,1836.32
50159,13,Kriti Mehta,Female,Jaipur,Rajasthan,Regular,2024-07-28,2024-08-03,Cash,Delivered,1031,Yoga Mat,Sports,Local,2,3412.53,2005.57,0.0,6825.06,0.0,6825.06,4011.14,2813.92
50746,88,Karan Khan,Male,Chandigarh,Chandigarh,Regular,2024-01-11,2024-01-12,Credit Card,Delivered,1027,Data Science Book,Books,Local,1,276.54,194.56,0.2,276.54,55.31,221.23,194.56,26.67
50193,3,Riya Jain,Male,Hyderabad,Telangana,Regular,2025-01-18,2025-01-19,Cash,Delivered,1028,Exam Guide,Books,Global,1,847.54,716.34,0.1,847.54,84.75,762.79,716.34,46.45
50534,39,Tanya Khan,Male,Jaipur,Rajasthan,Regular,2024-01-13,2024-01-19,Net Banking,Delivered,1012,Wall Clock,Home,Local,1,431.0,282.38,0.05,431.0,21.55,409.45,282.38,127.07
50904,202,Rohan Khan,Female,Mumbai,Maharashtra,Premium,2024-04-02,2024-04-04,Credit Card,Delivered,1019,Face Wash,Beauty,Local,1,1116.61,742.63,0.0,1116.61,0.0,1116.61,742.63,373.98
51004,68,Ishita Sharma,Female,Jaipur,Rajasthan,Regular,2025-08-18,2025-08-23,Debit Card,Delivered,1034,Skipping Rope,Sports,Global,1,2452.91,1835.2,0.0,2452.91,0.0,2452.91,1835.2,617.71
51070,116,Rohan Sharma,Female,Lucknow,Uttar Pradesh,Premium,2025-05-04,2025-05-09,debit card,Delivered,1026,Programming Book,Books,Local,1,903.16,551.63,0.15,903.16,135.47,767.69,551.63,216.06
50414,186,Ananya Agarwal,Female,Lucknow,Uttar Pradesh,Regular,2024-04-08,2024-04-11,Wallet,Delivered,1020,Shampoo,Beauty,National,2,4724.9,2913.32,0.0,9449.8,0.0,9449.8,5826.64,3623.16
51187,231,Tanya Gupta,Female,Chennai,Tamil Nadu,Regular,2024-07-19,2024-07-20,Net Banking,Delivered,1008,Bedsheet,Home,Global,3,1858.88,1381.04,0.15,5576.64,836.5,4740.14,4143.12,597.02
50328,25,Dev Bansal,Male,Jaipur,Rajasthan,Premium,2025-08-08,2025-08-12,UPI,Shipped,1030,Comics,Books,Global,1,2869.89,2348.12,0.0,2869.89,0.0,2869.89,2348.12,521.77
50129,262,Yash Chopra,Female,Jaipur,Rajasthan,New,2026-04-06,2026-04-10,Net Banking,Delivered,1030,Comics,Books,Global,1,2869.89,2348.12,0.15,2869.89,430.48,2439.41,2348.12,91.29
50695,53,Nisha Mehta,Male,Bengaluru,Karnataka,Regular,2024-12-21,2024-12-23,Net Banking,Delivered,1004,Power Bank,Electronics,National,1,2950.53,1863.18,0.0,2950.53,0.0,2950.53,1863.18,1087.35
50631,53,Nisha Mehta,Male,Bengaluru,Karnataka,Regular,2026-01-23,2026-01-28,Credit Card,Returned,1018,Watch,Fashion,National,1,2767.2,2038.19,0.05,2767.2,138.36,2628.84,2038.19,590.65
50275,192,Aditi Chopra,Female,Bengaluru,Karnataka,Regular,2024-04-02,2024-04-06,Cash,Delivered,1010,Water Bottle,Home,Global,1,2359.62,1449.8,0.0,2359.62,0.0,2359.62,1449.8,909.82
51148,23,Riya Mehta,Male,Indore,Madhya Pradesh,Regular,2024-04-14,2024-04-21,Credit Card,Delivered,1033,Football,Sports,Global,1,1414.92,1036.3,0.05,1414.92,70.75,1344.17,1036.3,307.87
50309,30,Nisha Patel,Male,Hyderabad,Telangana,New,2026-02-17,2026-02-22,Cash,Delivered,1026,Programming Book,Books,Local,2,903.16,551.63,0.1,1806.32,180.63,1625.69,1103.26,522.43
50234,289,Manav Chopra,Male,Bengaluru,Karnataka,New,2025-02-17,2025-02-21,Debit Card,Delivered,1032,Cricket Bat,Sports,Global,2,2636.49,1926.4,0.0,5272.98,0.0,5272.98,3852.8,1420.18
51048,53,Nisha Mehta,Male,Bengaluru,Karnataka,Regular,2025-03-17,2025-03-20,Debit Card,Delivered,1022,Perfume,Beauty,Global,2,3417.35,2777.34,0.1,6834.7,683.47,6151.23,5554.68,596.55
50623,9,Riya Sharma,Male,Mumbai,Maharashtra,New,2025-09-24,2025-09-25,Net Banking,Returned,1021,Moisturizer,Beauty,Global,1,2179.97,1276.18,0.0,2179.97,0.0,2179.97,1276.18,903.79
50644,186,Ananya Agarwal,Female,Lucknow,Uttar Pradesh,Regular,2026-05-02,2026-05-04,Wallet,Delivered,1013,T-Shirt,Fashion,Local,1,1702.87,1433.92,0.0,1702.87,0.0,1702.87,1433.92,268.95
50479,145,Vivaan Agarwal,Female,Pune,Maharashtra,Regular,2024-02-20,2024-02-21,Debit Card,Delivered,1010,Water Bottle,Home,Global,2,2359.62,1449.8,0.0,4719.24,0.0,4719.24,2899.6,1819.64
50472,267,Vivaan Khan,Female,Delhi,Delhi,Regular,2025-02-25,2025-03-03,Net Banking,Shipped,1035,Dumbbells,Sports,National,1,1867.02,1495.81,0.0,1867.02,0.0,1867.02,1495.81,371.21
50926,239,Aditi Chopra,Female,Chennai,Tamil Nadu,Regular,2024-07-25,2024-07-31,Net Banking,Delivered,1028,Exam Guide,Books,Global,1,847.54,716.34,0.0,847.54,0.0,847.54,716.34,131.2
51098,268,Meera Bansal,Female,Pune,Maharashtra,Premium,2024-03-15,2024-03-16,Cash,Delivered,1006,Mouse,Electronics,Local,1,969.37,755.17,0.1,969.37,96.94,872.43,755.17,117.26
50627,274,Aman Sharma,Male,Hyderabad,Telangana,New,2025-07-09,2025-07-12,Debit Card,Delivered,1028,Exam Guide,Books,Global,1,847.54,716.34,0.0,847.54,0.0,847.54,716.34,131.2
50395,253,Simran Khan,Female,Indore,Madhya Pradesh,Regular,2024-05-05,2024-05-10,Credit Card,Delivered,1035,Dumbbells,Sports,National,1,1867.02,1495.81,0.0,1867.02,0.0,1867.02,1495.81,371.21
50637,251,Kabir Gupta,Male,Mumbai,Maharashtra,Premium,2024-08-08,,Credit Card,Cancelled,1009,Storage Box,Home,Global,2,1556.03,1289.6,0.05,3112.06,155.6,2956.46,2579.2,377.26
50768,74,Advik Agarwal,Female,Ahmedabad,Gujarat,Regular,2024-07-05,2024-07-11,Cash,Delivered,1026,Programming Book,Books,Local,2,903.16,551.63,0.0,1806.32,0.0,1806.32,1103.26,703.06
50533,22,Dev Chopra,Male,Jaipur,Rajasthan,New,2025-01-01,2025-01-08,Debit Card,Delivered,1035,Dumbbells,Sports,National,2,1867.02,1495.81,0.2,3734.04,746.81,2987.23,2991.62,-4.39
50718,297,Priya Patel,Female,Delhi,Delhi,New,2024-04-21,2024-04-25,Wallet,Delivered,1028,Exam Guide,Books,Global,1,847.54,716.34,0.0,847.54,0.0,847.54,716.34,131.2
50667,280,Vivaan Verma,Female,Hyderabad,Telangana,New,2024-01-11,2024-01-13,Debit Card,Delivered,1004,Power Bank,Electronics,National,2,2950.53,1863.18,0.15,5901.06,885.16,5015.9,3726.36,1289.54
50598,161,Arjun Verma,Female,Kolkata,West Bengal,Regular,2025-02-26,2025-02-27,Net Banking,Delivered,1028,Exam Guide,Books,Global,1,847.54,716.34,0.05,847.54,42.38,805.16,716.34,88.82
50482,287,Karan Sharma,Male,Kolkata,West Bengal,Regular,2025-07-29,2025-08-02,UPI,Delivered,1021,Moisturizer,Beauty,Global,1,2179.97,1276.18,0.0,2179.97,0.0,2179.97,1276.18,903.79
51103,181,Kriti Chopra,Female,Pune,Maharashtra,Regular,2024-12-20,2024-12-27,UPI,Delivered,1034,Skipping Rope,Sports,Global,1,2452.91,1835.2,0.0,2452.91,0.0,2452.91,1835.2,617.71
50315,217,Aarav Mehta,Male,Kolkata,West Bengal,Premium,2024-01-26,,Credit Card,Cancelled,1020,Shampoo,Beauty,National,1,4724.9,2913.32,0.1,4724.9,472.49,4252.41,2913.32,1339.09
50729,59,Dev Khan,Male,Chandigarh,Chandigarh,Regular,2024-06-25,2024-06-29,Debit Card,Delivered,1033,Football,Sports,Global,3,1414.92,1036.3,0.2,4244.76,848.95,3395.81,3108.9,286.91
50210,62,Aditi Singh,Female,Delhi,Delhi,Premium,2025-10-30,2025-11-01,Credit Card,Returned,1006,Mouse,Electronics,Local,1,969.37,755.17,0.2,969.37,193.87,775.5,755.17,20.33
50934,161,Arjun Verma,Female,Kolkata,West Bengal,Regular,2025-01-25,2025-01-28,Debit Card,Delivered,1015,Hoodie,Fashion,Global,1,256.42,195.5,0.2,256.42,51.28,205.14,195.5,9.64
50434,70,Nisha Chopra,Male,Kolkata,West Bengal,Premium,2024-11-13,2024-11-18,Credit Card,Delivered,1024,Hair Serum,Beauty,Local,1,1678.65,1257.73,0.0,1678.65,0.0,1678.65,1257.73,420.92
50329,48,Rahul Singh,Male,Jaipur,Rajasthan,Regular,2026-01-07,2026-01-08,Debit Card,Delivered,1011,Cushion Set,Home,Local,2,2158.18,1240.02,0.2,4316.36,863.27,3453.09,2480.04,973.05
50261,61,Rahul Bansal,Male,Chandigarh,Chandigarh,Regular,2025-06-24,2025-06-27,Debit Card,Delivered,1002,Smartwatch,Electronics,National,2,3606.11,2372.12,0.0,7212.22,0.0,7212.22,4744.24,2467.98
51117,289,Manav Chopra,Male,Bengaluru,Karnataka,New,2024-12-09,2024-12-12,UPI,Delivered,1034,Skipping Rope,Sports,Global,1,2452.91,1835.2,0.2,2452.91,490.58,1962.33,1835.2,127.13
50307,151,Nisha Verma,Female,Pune,Maharashtra,Regular,2024-07-10,2024-07-15,Credit Card,Shipped,1010,Water Bottle,Home,Global,1,2359.62,1449.8,0.0,2359.62,0.0,2359.62,1449.8,909.82
51067,107,Manav Sharma,Female,Lucknow,Uttar Pradesh,Regular,2024-10-21,2024-10-27,Net Banking,Delivered,1018,Watch,Fashion,National,3,2767.2,2038.19,0.2,8301.6,1660.32,6641.28,6114.57,526.71
50928,55,Simran Jain,Male,Pune,Maharashtra,Regular,2024-05-20,,UPI,Cancelled,1035,Dumbbells,Sports,National,2,1867.02,1495.81,0.0,3734.04,0.0,3734.04,2991.62,742.42
51025,3,Riya Jain,Male,Hyderabad,Telangana,Regular,2024-07-11,2024-07-14,UPI,Delivered,1026,Programming Book,Books,Local,2,903.16,551.63,0.1,1806.32,180.63,1625.69,1103.26,522.43
50271,179,Nisha Singh,Female,Pune,Maharashtra,New,2024-07-30,2024-08-05,UPI,Delivered,1031,Yoga Mat,Sports,Local,4,3412.53,2005.57,0.05,13650.12,682.51,12967.61,8022.28,4945.33
50291,116,Rohan Sharma,Female,Lucknow,Uttar Pradesh,Premium,2024-05-22,,Credit Card,Cancelled,1031,Yoga Mat,Sports,Local,1,3412.53,2005.57,0.1,3412.53,341.25,3071.28,2005.57,1065.71
50813,136,Riya Joshi,Male,Jaipur,Rajasthan,Regular,2025-01-21,2025-01-28,Credit Card,Delivered,1005,Keyboard,Electronics,National,1,494.6,310.77,0.0,494.6,0.0,494.6,310.77,183.83
50097,227,Ishita Singh,Female,Kolkata,West Bengal,Premium,2024-11-08,2024-11-12,Wallet,Delivered,1014,Jeans,Fashion,Local,3,4761.64,2902.05,0.0,14284.92,0.0,14284.92,8706.15,5578.77
50888,99,Nisha Verma,Female,Jaipur,Rajasthan,Regular,2026-04-21,2026-04-22,Wallet,Shipped,1016,Sneakers,Fashion,Global,1,3204.04,2097.3,0.05,3204.04,160.2,3043.84,2097.3,946.54
50819,237,Meera Gupta,Female,Pune,Maharashtra,Regular,2025-07-19,2025-07-25,Net Banking,Shipped,1016,Sneakers,Fashion,Global,1,3204.04,2097.3,0.0,3204.04,0.0,3204.04,2097.3,1106.74
50032,25,Dev Bansal,Male,Jaipur ,Rajasthan,Premium,2025-10-14,2025-10-18,Net Banking,Delivered,1034,Skipping Rope,Sports,Global,1,2452.91,1835.2,0.0,2452.91,0.0,2452.91,1835.2,617.71
50763,47,Dev Singh,Male,Hyderabad,Telangana,New,2026-01-30,2026-02-04,Net Banking,Returned,1011,Cushion Set,Home,Local,1,2158.18,1240.02,0.2,2158.18,431.64,1726.54,1240.02,486.52
50954,120,Arjun Singh,Female,Kolkata,West Bengal,Regular,2024-10-19,,UPI,Cancelled,1012,Wall Clock,Home,Local,2,431.0,282.38,0.1,862.0,86.2,775.8,564.76,211.04
50320,194,Tanya Bansal,Female,Hyderabad,Telangana,Regular,2024-10-13,2024-10-17,Debit Card,Delivered,1031,Yoga Mat,Sports,Local,3,3412.53,2005.57,0.0,10237.59,0.0,10237.59,6016.71,4220.88
50299,284,Riya Sharma,Female,Chennai,Tamil Nadu,New,2026-06-15,2026-06-19,UPI,Delivered,1012,Wall Clock,Home,Local,1,431.0,282.38,0.0,431.0,0.0,431.0,282.38,148.62
50200,245,Neha Sharma,Male,Bengaluru,Karnataka,Premium,2025-05-29,2025-05-30,UPI,Delivered,1012,Wall Clock,Home,Local,2,431.0,282.38,0.0,862.0,0.0,862.0,564.76,297.24
50561,207,Kriti Gupta,Female,Pune,Maharashtra,Regular,2024-09-27,2024-09-30,Debit Card,Delivered,1001,Wireless Earbuds,Electronics,Global,2,2096.32,1217.44,0.0,4192.64,0.0,4192.64,2434.88,1757.76
50179,154,Pooja Sharma,Female,Chennai,Tamil Nadu,Regular,2025-01-24,2025-01-29,Debit Card,Delivered,1029,Biography,Books,Global,3,1136.3,716.7,0.2,3408.9,681.78,2727.12,2150.1,577.02
51132,47,Dev Singh,Male,Hyderabad,Telangana,New,2024-09-12,2024-09-16,UPI,Delivered,1035,Dumbbells,Sports,National,1,1867.02,1495.81,0.05,1867.02,93.35,1773.67,1495.81,277.86
50089,16,Aditi Patel,Female,Bengaluru,Karnataka,Premium,2024-05-08,2024-05-10,Net Banking,Delivered,1021,Moisturizer,Beauty,Global,2,2179.97,1276.18,0.0,4359.94,0.0,4359.94,2552.36,1807.58
50788,45,Priya Patel,Male,Indore,Madhya Pradesh,Premium,2024-09-13,2024-09-15,Net Banking,Shipped,1018,Watch,Fashion,National,2,2767.2,2038.19,0.0,5534.4,0.0,5534.4,4076.38,1458.02
50725,76,Kabir Jain,Male,Chennai,Tamil Nadu,Premium,2026-04-20,2026-04-21,Credit Card,Delivered,1013,T-Shirt,Fashion,Local,1,1702.87,1433.92,0.0,1702.87,0.0,1702.87,1433.92,268.95
50827,235,Kabir Chopra,Female,Hyderabad,Telangana,New,2025-09-18,2025-09-21,Cash,Shipped,1033,Football,Sports,Global,1,1414.92,1036.3,0.2,1414.92,282.98,1131.94,1036.3,95.64
50209,128,Vivaan Mehta,Other,Pune,Maharashtra,Regular,2026-04-01,2026-04-03,Cash,Delivered,1029,Biography,Books,Global,1,1136.3,716.7,0.2,1136.3,227.26,909.04,716.7,192.34
51040,230,Kabir Mehta,Male,Chandigarh,Chandigarh,Regular,2024-03-07,,Cash,Cancelled,1033,Football,Sports,Global,1,1414.92,1036.3,0.05,1414.92,70.75,1344.17,1036.3,307.87
50297,38,Priya Patel,Male,Hyderabad,Telangana,Regular,2024-04-28,2024-05-03,Cash,Delivered,1004,Power Bank,Electronics,National,1,2950.53,1863.18,0.15,2950.53,442.58,2507.95,1863.18,644.77
50998,100,Vivaan Jain,Female,Lucknow,Uttar Pradesh,Premium,2024-09-08,2024-09-12,Cash,Delivered,1009,Storage Box,Home,Global,1,1556.03,1289.6,0.1,1556.03,155.6,1400.43,1289.6,110.83
50498,63,Rahul Agarwal,Male,Delhi,Delhi,Premium,2025-09-24,2025-10-01,UPI,Delivered,1014,Jeans,Fashion,Local,1,4761.64,2902.05,0.1,4761.64,476.16,4285.48,2902.05,1383.43
50835,18,Ananya Singh,Female,Lucknow,Uttar Pradesh,Regular,2024-03-10,2024-03-11,Net Banking,Delivered,1007,Table Lamp,Home,Local,1,2919.43,1909.82,0.0,2919.43,0.0,2919.43,1909.82,1009.61
50430,273,Ishita Bansal,Male,Mumbai,Maharashtra,Premium,2026-04-27,2026-05-04,Credit Card,Delivered,1004,Power Bank,Electronics,National,1,2950.53,1863.18,0.0,2950.53,0.0,2950.53,1863.18,1087.35
50507,117,Dev Khan,Male,Bengaluru,Karnataka,Regular,2025-08-02,2025-08-09,Credit Card,Delivered,1005,Keyboard,Electronics,National,1,494.6,310.77,0.05,494.6,24.73,469.87,310.77,159.1
50831,40,Rahul Jain,Female,Lucknow,Uttar Pradesh,New,2025-07-03,2025-07-07,Debit Card,Delivered,1017,Backpack,Fashion,National,3,903.6,644.09,0.05,2710.8,135.54,2575.26,1932.27,642.99
50694,130,Nisha Joshi,Female,Delhi,Delhi,Regular,2026-04-28,2026-04-29,Cash,Delivered,1027,Data Science Book,Books,Local,1,276.54,194.56,0.05,276.54,13.83,262.71,194.56,68.15
50011,71,Dev Singh,Female,Lucknow,Uttar Pradesh,Regular,2024-11-07,2024-11-11,Net Banking,Delivered,1036,Sports Bottle,Sports,Global,1,4088.91,2569.4,0.0,4088.91,0.0,4088.91,2569.4,1519.51
50848,107,Manav Sharma,Female,Lucknow,Uttar Pradesh,Regular,2025-05-17,2025-05-21,Credit Card,Delivered,1006,Mouse,Electronics,Local,1,969.37,755.17,0.0,969.37,0.0,969.37,755.17,214.2
50463,200,Karan Singh,Female,Bengaluru,Karnataka,Regular,2024-06-05,2024-06-07,Wallet,Delivered,1016,Sneakers,Fashion,Global,1,3204.04,2097.3,0.1,3204.04,320.4,2883.64,2097.3,786.34
50199,167,Vivaan Sharma,Female,Hyderabad,Telangana,Regular,2025-05-23,2025-05-29,UPI,Shipped,1034,Skipping Rope,Sports,Global,2,2452.91,1835.2,0.0,4905.82,0.0,4905.82,3670.4,1235.42
50060,54,Tanya Verma,Female,Ahmedabad,Gujarat,Premium,2024-01-12,2024-01-19,Wallet,Delivered,1034,Skipping Rope,Sports,Global,2,2452.91,1835.2,0.1,4905.82,490.58,4415.24,3670.4,744.84
50907,168,Nisha Bansal,Female,Chennai,Tamil Nadu,Regular,2025-07-19,2025-07-20,UPI,Delivered,1009,Storage Box,Home,Global,1,1556.03,1289.6,0.0,1556.03,0.0,1556.03,1289.6,266.43
50997,150,Riya Verma,Female,Chandigarh,Chandigarh,Regular,2026-05-24,2026-05-25,Cash,Delivered,1029,Biography,Books,Global,1,1136.3,716.7,0.0,1136.3,0.0,1136.3,716.7,419.6
50276,101,Yash Chopra,Female,Jaipur,Rajasthan,Regular,2026-03-04,2026-03-11,Credit Card,Delivered,1024,Hair Serum,Beauty,Local,1,1678.65,1257.73,0.0,1678.65,0.0,1678.65,1257.73,420.92
50809,19,Meera Verma,Female,Kolkata,West Bengal,Regular,2025-09-19,2025-09-22,Wallet,Delivered,1033,Football,Sports,Global,2,1414.92,1036.3,0.0,2829.84,0.0,2829.84,2072.6,757.24
50908,300,Aarav Singh,Female,Ahmedabad,Gujarat,Regular,2025-10-23,2025-10-25,Debit Card,Delivered,1016,Sneakers,Fashion,Global,1,3204.04,2097.3,0.05,3204.04,160.2,3043.84,2097.3,946.54
50658,244,Priya Chopra,Female,Pune,Maharashtra,Regular,2024-03-26,2024-04-02,Credit Card,Delivered,1012,Wall Clock,Home,Local,1,431.0,282.38,0.1,431.0,43.1,387.9,282.38,105.52
50957,23,Riya Mehta,Male,Indore,Madhya Pradesh,Regular,2024-07-28,2024-08-04,Cash,Delivered,1026,Programming Book,Books,Local,1,903.16,551.63,0.05,903.16,45.16,858.0,551.63,306.37
50886,61,Rahul Bansal,Male,Chandigarh,Chandigarh,Regular,2024-11-02,2024-11-09,Wallet,Delivered,1005,Keyboard,Electronics,National,1,494.6,310.77,0.0,494.6,0.0,494.6,310.77,183.83
50221,161,Arjun Verma,Female,Kolkata,West Bengal,Regular,2024-11-26,2024-12-03,Wallet,Delivered,1010,Water Bottle,Home,Global,2,2359.62,1449.8,0.0,4719.24,0.0,4719.24,2899.6,1819.64
50789,232,Arjun Khan,Female,Chennai,Tamil Nadu,New,2026-04-16,2026-04-18,Cash,Delivered,1004,Power Bank,Electronics,National,1,2950.53,1863.18,0.1,2950.53,295.05,2655.48,1863.18,792.3
50712,15,Manav Bansal,Female,Jaipur,Rajasthan,Regular,2024-02-22,2024-02-27,Credit Card,Delivered,1005,Keyboard,Electronics,National,1,494.6,310.77,0.0,494.6,0.0,494.6,310.77,183.83
50714,42,Advik Chopra,Male,Mumbai,Maharashtra,Regular,2026-01-28,2026-01-29,Net Banking,Delivered,1006,Mouse,Electronics,Local,1,969.37,755.17,0.0,969.37,0.0,969.37,755.17,214.2
51113,81,Sanya Gupta,Female,Chandigarh,Chandigarh,Regular,2026-05-22,2026-05-29,Debit Card,Delivered,1028,Exam Guide,Books,Global,1,847.54,716.34,0.2,847.54,169.51,678.03,716.34,-38.31
51191,254,Karan Mehta,Female,Chennai,Tamil Nadu,Regular,2024-02-07,2024-02-08,Debit Card,Delivered,1004,Power Bank,Electronics,National,2,2950.53,1863.18,0.0,5901.06,0.0,5901.06,3726.36,2174.7
50790,184,Tanya Gupta,Female,Mumbai,Maharashtra,Regular,2024-01-23,2024-01-26,Debit Card,Delivered,1031,Yoga Mat,Sports,Local,2,3412.53,2005.57,0.15,6825.06,1023.76,5801.3,4011.14,1790.16
50416,100,Vivaan Jain,Female,Lucknow,Uttar Pradesh,Premium,2025-06-02,2025-06-04,UPI,Delivered,1025,Novel,Books,Local,3,3152.83,1822.24,0.0,9458.49,0.0,9458.49,5466.72,3991.77
50899,59,Dev Khan,Male,Chandigarh,Chandigarh,Regular,2024-03-09,2024-03-11,Wallet,Delivered,1018,Watch,Fashion,National,1,2767.2,2038.19,0.0,2767.2,0.0,2767.2,2038.19,729.01
50935,187,Neha Patel,Female,Delhi,Delhi,Regular,2026-02-12,2026-02-15,Net Banking,Delivered,1022,Perfume,Beauty,Global,3,3417.35,2777.34,0.2,10252.05,2050.41,8201.64,8332.02,-130.38
50266,242,Ananya Bansal,Female,Jaipur,Rajasthan,Regular,2025-12-21,2025-12-28,Wallet,Shipped,1020,Shampoo,Beauty,National,2,4724.9,2913.32,0.0,9449.8,0.0,9449.8,5826.64,3623.16
50632,223,Priya Jain,Female,Jaipur,Rajasthan,New,2025-01-01,2025-01-08,Cash,Delivered,1019,Face Wash,Beauty,Local,1,1116.61,742.63,0.1,1116.61,111.66,1004.95,742.63,262.32
50248,29,Meera Singh,Male,Jaipur,Rajasthan,Regular,2025-07-24,2025-07-31,UPI,Delivered,1028,Exam Guide,Books,Global,1,847.54,716.34,0.0,847.54,0.0,847.54,716.34,131.2
50683,125,Aditi Bansal,Female,Chennai,Tamil Nadu,New,2024-03-19,2024-03-21,Debit Card,Delivered,1024,Hair Serum,Beauty,Local,1,1678.65,1257.73,0.0,1678.65,0.0,1678.65,1257.73,420.92
50559,105,Aditi Verma,Female,Kolkata,West Bengal,Regular,2025-05-09,2025-05-10,Debit Card,Delivered,1024,Hair Serum,Beauty,Local,1,1678.65,1257.73,0.05,1678.65,83.93,1594.72,1257.73,336.99
51137,290,Ishita Mehta,Male,Pune,Maharashtra,Regular,2026-02-01,2026-02-02,UPI,Delivered,1013,T-Shirt,Fashion,Local,2,1702.87,1433.92,0.1,3405.74,340.57,3065.17,2867.84,197.33
50968,67,Riya Chopra,Female,Jaipur,Rajasthan,Premium,2026-01-30,2026-02-03,Credit Card,Delivered,1017,Backpack,Fashion,National,1,903.6,644.09,0.2,903.6,180.72,722.88,644.09,78.79
51005,199,Rahul Joshi,Male,Hyderabad,Telangana,Premium,2024-06-26,2024-07-02,Credit Card,Delivered,1019,Face Wash,Beauty,Local,2,1116.61,742.63,0.05,2233.22,111.66,2121.56,1485.26,636.3
50985,203,Riya Patel,Other,Bengaluru,Karnataka,Regular,2024-11-10,2024-11-16,Net Banking,Delivered,1014,Jeans,Fashion,Local,1,4761.64,2902.05,0.0,4761.64,0.0,4761.64,2902.05,1859.59
50295,102,Pooja Sharma,Female,Hyderabad,Telangana,Regular,2025-05-07,2025-05-08,Wallet,Shipped,1008,Bedsheet,Home,Global,2,1858.88,1381.04,0.0,3717.76,0.0,3717.76,2762.08,955.68
50520,214,Simran Chopra,Female,Kolkata,West Bengal,New,2026-03-05,2026-03-12,Cash,Delivered,1020,Shampoo,Beauty,National,1,4724.9,2913.32,0.0,4724.9,0.0,4724.9,2913.32,1811.58
50771,65,Ananya Agarwal,Female,Ahmedabad,Gujarat,Regular,2024-08-26,2024-08-27,UPI,Delivered,1026,Programming Book,Books,Local,1,903.16,551.63,0.15,903.16,135.47,767.69,551.63,216.06
50084,44,Aman Agarwal,Male,Lucknow,Uttar Pradesh,Regular,2024-04-06,2024-04-09,Debit Card,Delivered,1006,Mouse,Electronics,Local,1,969.37,755.17,0.05,969.37,48.47,920.9,755.17,165.73
50232,214,Simran Chopra,Female,Kolkata,West Bengal,New,2025-04-01,2025-04-08,Net Banking,Delivered,1023,Sunscreen,Beauty,Local,1,2823.99,1634.38,0.1,2823.99,282.4,2541.59,1634.38,907.21
50621,181,Kriti Chopra,Female,Pune,Maharashtra,Regular,2024-03-18,2024-03-24,Debit Card,Delivered,1025,Novel,Books,Local,2,3152.83,1822.24,0.1,6305.66,630.57,5675.09,3644.48,2030.61
50334,292,Advik Chopra,Male,Lucknow,Uttar Pradesh,New,2025-06-03,,Cash,Cancelled,1028,Exam Guide,Books,Global,1,847.54,716.34,0.1,847.54,84.75,762.79,716.34,46.45
50130,35,Tanya Mehta,Other,Mumbai,Maharashtra,Regular,2024-03-27,2024-03-31,Credit Card,Delivered,1009,Storage Box,Home,Global,4,1556.03,1289.6,0.0,6224.12,0.0,6224.12,5158.4,1065.72
51012,118,Manav Gupta,Male,Lucknow,Uttar Pradesh,Regular,2024-01-05,2024-01-07,Debit Card,Delivered,1021,Moisturizer,Beauty,Global,1,2179.97,1276.18,0.0,2179.97,0.0,2179.97,1276.18,903.79
50645,233,Aarav Patel,Female,Chennai,Tamil Nadu,Regular,2024-07-13,2024-07-17,Credit Card,Delivered,1025,Novel,Books,Local,1,3152.83,1822.24,0.2,3152.83,630.57,2522.26,1822.24,700.02
50974,111,Arjun Singh,Female,Indore,Madhya Pradesh,Regular,2024-07-28,2024-07-30,Net Banking,Delivered,1029,Biography,Books,Global,2,1136.3,716.7,0.0,2272.6,0.0,2272.6,1433.4,839.2
50383,167,Vivaan Sharma,Female,Hyderabad,Telangana,Regular,2025-02-15,2025-02-20,Debit Card,Delivered,1009,Storage Box,Home,Global,1,1556.03,1289.6,0.15,1556.03,233.4,1322.63,1289.6,33.03
50868,236,Nisha Jain,Male,Lucknow,Uttar Pradesh,Regular,2024-05-07,2024-05-09,Credit Card,Delivered,1006,Mouse,Electronics,Local,1,969.37,755.17,0.05,969.37,48.47,920.9,755.17,165.73
50543,48,Rahul Singh,Male,Jaipur,Rajasthan,Regular,2024-12-16,2024-12-19,Net Banking,Delivered,1004,Power Bank,Electronics,National,1,2950.53,1863.18,0.1,2950.53,295.05,2655.48,1863.18,792.3
51194,120,Arjun Singh,Female,Kolkata,West Bengal,Regular,2025-03-05,2025-03-06,UPI,Delivered,1022,Perfume,Beauty,Global,2,3417.35,2777.34,0.2,6834.7,1366.94,5467.76,5554.68,-86.92
50875,66,Arjun Verma,Male,Delhi,Delhi,Regular,2025-03-18,2025-03-20,UPI,Delivered,1020,Shampoo,Beauty,National,1,4724.9,2913.32,0.0,4724.9,0.0,4724.9,2913.32,1811.58
50332,76,Kabir Jain,Male,Chennai,Tamil Nadu,Premium,2025-11-30,2025-12-07,Wallet,Delivered,1002,Smartwatch,Electronics,National,1,3606.11,2372.12,0.05,3606.11,180.31,3425.8,2372.12,1053.68
50410,191,Sanya Sharma,Male,Lucknow,Uttar Pradesh,Regular,2024-12-31,2025-01-05,Wallet,Delivered,1011,Cushion Set,Home,Local,1,2158.18,1240.02,0.0,2158.18,0.0,2158.18,1240.02,918.16
50077,21,Rahul Singh,Female,Hyderabad,Telangana,New,2024-03-22,2024-03-26,Credit Card,Delivered,1024,Hair Serum,Beauty,Local,1,1678.65,1257.73,0.0,1678.65,0.0,1678.65,1257.73,420.92
50869,279,Arjun Gupta,Female,Chennai,Tamil Nadu,Regular,2025-10-04,2025-10-08,Credit Card,Delivered,1029,Biography,Books,Global,1,1136.3,716.7,0.1,1136.3,113.63,1022.67,716.7,305.97
50139,219,Manav Khan,Female,Indore,Madhya Pradesh,Regular,2024-03-22,2024-03-26,Cash,Delivered,1007,Table Lamp,Home,Local,3,2919.43,1909.82,0.0,8758.29,0.0,8758.29,5729.46,3028.83
50544,97,Kabir Singh,Female,Ahmedabad,Gujarat,New,2026-05-19,2026-05-22,Debit Card,Delivered,1033,Football,Sports,Global,2,1414.92,1036.3,0.2,2829.84,565.97,2263.87,2072.6,191.27
50674,52,Meera Mehta,Female,Bengaluru,Karnataka,Regular,2025-12-07,2025-12-12,Wallet,Delivered,1031,Yoga Mat,Sports,Local,1,3412.53,2005.57,0.0,3412.53,0.0,3412.53,2005.57,1406.96
50921,45,Priya Patel,Male,Indore,Madhya Pradesh,Premium,2025-01-15,2025-01-21,Net Banking,Delivered,1006,Mouse,Electronics,Local,1,969.37,755.17,0.0,969.37,0.0,969.37,755.17,214.2
50064,254,Karan Mehta,Female,Chennai,Tamil Nadu,Regular,2025-06-19,2025-06-25,Credit Card,Delivered,1019,Face Wash,Beauty,Local,1,1116.61,742.63,0.15,1116.61,167.49,949.12,742.63,206.49
50142,277,Simran Gupta,Female,Pune,Maharashtra,Premium,2024-07-22,2024-07-24,Debit Card,Delivered,1030,Comics,Books,Global,3,2869.89,2348.12,0.0,8609.67,0.0,8609.67,7044.36,1565.31
50717,13,Kriti Mehta,Female,Jaipur ,Rajasthan,Regular,2025-12-29,2026-01-04,UPI,Delivered,1028,Exam Guide,Books,Global,1,847.54,716.34,0.0,847.54,0.0,847.54,716.34,131.2
50377,90,Ananya Bansal,Male,Bengaluru,Karnataka,Regular,2025-11-23,2025-11-29,Net Banking,Delivered,1001,Wireless Earbuds,Electronics,Global,1,2096.32,1217.44,0.2,2096.32,419.26,1677.06,1217.44,459.62
50364,268,Meera Bansal,Female,Pune,Maharashtra,Premium,2024-07-25,2024-07-28,Wallet,Delivered,1011,Cushion Set,Home,Local,1,2158.18,1240.02,0.15,2158.18,323.73,1834.45,1240.02,594.43
50140,225,Arjun Patel,Female,Chennai,Tamil Nadu,Regular,2026-05-13,2026-05-20,Wallet,Delivered,1003,Bluetooth Speaker,Electronics,Local,1,721.29,594.58,0.05,721.29,36.06,685.23,594.58,90.65
50885,133,Advik Patel,Female,Ahmedabad,Gujarat,Regular,2025-03-18,2025-03-20,UPI,Delivered,1029,Biography,Books,Global,1,1136.3,716.7,0.0,1136.3,0.0,1136.3,716.7,419.6
51042,294,Manav Bansal,Male,Delhi,Delhi,Regular,2025-08-30,2025-09-02,UPI,Delivered,1024,Hair Serum,Beauty,Local,1,1678.65,1257.73,0.15,1678.65,251.8,1426.85,1257.73,169.12
50225,168,Nisha Bansal,Female,Chennai,Tamil Nadu,Regular,2025-02-23,2025-02-26,Debit Card,Delivered,1015,Hoodie,Fashion,Global,1,256.42,195.5,0.15,256.42,38.46,217.96,195.5,22.46
50515,87,Pooja Bansal,Female,Chandigarh,Chandigarh,New,2024-07-19,2024-07-21,Credit Card,Delivered,1019,Face Wash,Beauty,Local,3,1116.61,742.63,0.0,3349.83,0.0,3349.83,2227.89,1121.94
50267,268,Meera Bansal,Female,Pune,Maharashtra,Premium,2024-10-22,2024-10-24,Wallet,Delivered,1003,Bluetooth Speaker,Electronics,Local,1,721.29,594.58,0.2,721.29,144.26,577.03,594.58,-17.55
51170,250,Kabir Singh,Male,Kolkata,West Bengal,Regular,2025-01-30,2025-02-02,Cash,Delivered,1027,Data Science Book,Books,Local,1,276.54,194.56,0.2,276.54,55.31,221.23,194.56,26.67
50487,186,Ananya Agarwal,Female,Lucknow,Uttar Pradesh,Regular,2024-09-06,2024-09-10,Credit Card,Delivered,1011,Cushion Set,Home,Local,2,2158.18,1240.02,0.05,4316.36,215.82,4100.54,2480.04,1620.5
50353,18,Ananya Singh,Female,Lucknow,Uttar Pradesh,Regular,2024-10-20,2024-10-26,Net Banking,Delivered,1016,Sneakers,Fashion,Global,1,3204.04,2097.3,0.1,3204.04,320.4,2883.64,2097.3,786.34
51006,81,Sanya Gupta,Female,Chandigarh,Chandigarh,Regular,2025-10-23,2025-10-25,Credit Card,Delivered,1001,Wireless Earbuds,Electronics,Global,1,2096.32,1217.44,0.0,2096.32,0.0,2096.32,1217.44,878.88
50618,165,Aman Agarwal,Male,Chandigarh,Chandigarh,Regular,2025-04-07,2025-04-13,Debit Card,Shipped,1026,Programming Book,Books,Local,1,903.16,551.63,0.1,903.16,90.32,812.84,551.63,261.21
50668,229,Priya Patel,Female,Chennai,Tamil Nadu,Regular,2024-12-09,2024-12-14,Cash,Delivered,1034,Skipping Rope,Sports,Global,2,2452.91,1835.2,0.05,4905.82,245.29,4660.53,3670.4,990.13
50775,178,Kriti Gupta,Female,Hyderabad,Telangana,Regular,2024-10-19,2024-10-25,UPI,Returned,1016,Sneakers,Fashion,Global,1,3204.04,2097.3,0.0,3204.04,0.0,3204.04,2097.3,1106.74
50554,14,Karan Agarwal,Male,Bengaluru,Karnataka,Regular,2025-01-07,2025-01-10,UPI,Delivered,1027,Data Science Book,Books,Local,1,276.54,194.56,0.0,276.54,0.0,276.54,194.56,81.98
50576,163,Karan Bansal,Male,Mumbai,Maharashtra,Regular,2024-11-06,2024-11-12,Credit Card,Delivered,1031,Yoga Mat,Sports,Local,1,3412.53,2005.57,0.2,3412.53,682.51,2730.02,2005.57,724.45
50915,59,Dev Khan,Male,Chandigarh,Chandigarh,Regular,2026-05-06,2026-05-08,UPI,Returned,1016,Sneakers,Fashion,Global,1,3204.04,2097.3,0.05,3204.04,160.2,3043.84,2097.3,946.54
50466,98,Rahul Singh,Male,Jaipur,Rajasthan,Regular,2026-01-17,2026-01-22,Cash,Delivered,1036,Sports Bottle,Sports,Global,1,4088.91,2569.4,0.0,4088.91,0.0,4088.91,2569.4,1519.51
50591,92,Riya Joshi,Male,Delhi,Delhi,New,2025-07-28,2025-07-31,Cash,Delivered,1013,T-Shirt,Fashion,Local,1,1702.87,1433.92,0.0,1702.87,0.0,1702.87,1433.92,268.95
50765,187,Neha Patel,Female,Delhi,Delhi,Regular,2025-06-26,2025-06-28,UPI,Delivered,1003,Bluetooth Speaker,Electronics,Local,2,721.29,594.58,0.0,1442.58,0.0,1442.58,1189.16,253.42
50635,191,Sanya Sharma,Male,Lucknow,Uttar Pradesh,Regular,2024-11-19,2024-11-22,Cash,Delivered,1021,Moisturizer,Beauty,Global,2,2179.97,1276.18,0.2,4359.94,871.99,3487.95,2552.36,935.59
50838,281,Kriti Mehta,Male,Ahmedabad,Gujarat,Regular,2025-11-14,2025-11-15,Wallet,Delivered,1023,Sunscreen,Beauty,Local,1,2823.99,1634.38,,2823.99,0.0,2823.99,1634.38,1189.61
50290,221,Simran Singh,Male,Lucknow,Uttar Pradesh,Regular,2024-08-25,2024-08-28,Net Banking,Shipped,1021,Moisturizer,Beauty,Global,2,2179.97,1276.18,0.0,4359.94,0.0,4359.94,2552.36,1807.58
50040,65,Ananya Agarwal,Female,Ahmedabad,Gujarat,Regular,2024-01-13,2024-01-14,Credit Card,Delivered,1021,Moisturizer,Beauty,Global,1,2179.97,1276.18,0.0,2179.97,0.0,2179.97,1276.18,903.79
50031,281,Kriti Mehta,Male,Ahmedabad,Gujarat,Regular,2024-09-09,2024-09-14,Cash,Shipped,1031,Yoga Mat,Sports,Local,1,3412.53,2005.57,0.1,3412.53,341.25,3071.28,2005.57,1065.71
50243,224,Rahul Singh,Female,Delhi,Delhi,Regular,2025-10-09,2025-10-11,Cash,Shipped,1036,Sports Bottle,Sports,Global,2,4088.91,2569.4,0.05,8177.82,408.89,7768.93,5138.8,2630.13
50429,56,Rahul Patel,Female,Ahmedabad,Gujarat,Regular,2024-04-03,2024-04-04,Net Banking,Delivered,1022,Perfume,Beauty,Global,1,3417.35,2777.34,0.15,3417.35,512.6,2904.75,2777.34,127.41
50137,70,Nisha Chopra,Male,Kolkata,West Bengal,Premium,2025-06-12,,Credit Card,Cancelled,1032,Cricket Bat,Sports,Global,1,2636.49,1926.4,0.0,2636.49,0.0,2636.49,1926.4,710.09
51101,44,Aman Agarwal,Male,Lucknow,Uttar Pradesh,Regular,2025-03-26,2025-03-27,Cash,Delivered,1019,Face Wash,Beauty,Local,1,1116.61,742.63,0.2,1116.61,223.32,893.29,742.63,150.66
50865,267,Vivaan Khan,Female,Delhi,Delhi,Regular,2025-05-28,2025-05-30,Credit Card,Delivered,1034,Skipping Rope,Sports,Global,1,2452.91,1835.2,0.0,2452.91,0.0,2452.91,1835.2,617.71
50004,76,Kabir Jain,Male,Chennai,Tamil Nadu,Premium,2025-12-11,2025-12-15,Debit Card,Delivered,1029,Biography,Books,Global,1,1136.3,716.7,0.0,1136.3,0.0,1136.3,716.7,419.6
50833,56,Rahul Patel,Female,Ahmedabad,Gujarat,Regular,2024-08-10,2024-08-11,Credit Card,Delivered,1002,Smartwatch,Electronics,National,1,3606.11,2372.12,0.1,3606.11,360.61,3245.5,2372.12,873.38
50603,161,Arjun Verma,Female,Kolkata,West Bengal,Regular,2024-07-18,2024-07-25,Cash,Delivered,1016,Sneakers,Fashion,Global,1,3204.04,2097.3,0.0,3204.04,0.0,3204.04,2097.3,1106.74
51034,110,Neha Patel,Male,Chennai,Tamil Nadu,Regular,2025-07-02,2025-07-06,UPI,Delivered,1027,Data Science Book,Books,Local,1,276.54,194.56,0.1,276.54,27.65,248.89,194.56,54.33
50655,38,Priya Patel,Male,Hyderabad,Telangana,Regular,2024-06-29,2024-07-06,Cash,Delivered,1026,Programming Book,Books,Local,1,903.16,551.63,0.0,903.16,0.0,903.16,551.63,351.53
50844,25,Dev Bansal,Male,Jaipur,Rajasthan,Premium,2025-03-07,2025-03-08,Credit Card,Delivered,1031,Yoga Mat,Sports,Local,1,3412.53,2005.57,0.15,3412.53,511.88,2900.65,2005.57,895.08
50784,7,Aarav Sharma,Female,Kolkata,West Bengal,Premium,2025-07-19,2025-07-25,Credit Card,Delivered,1023,Sunscreen,Beauty,Local,1,2823.99,1634.38,0.1,2823.99,282.4,2541.59,1634.38,907.21
51074,47,Dev Singh,Male,Hyderabad,Telangana,New,2024-03-05,,Credit Card,Cancelled,1030,Comics,Books,Global,3,2869.89,2348.12,0.0,8609.67,0.0,8609.67,7044.36,1565.31
50443,179,Nisha Singh,Female,Pune,Maharashtra,New,2026-06-15,2026-06-19,Net Banking,Delivered,1016,Sneakers,Fashion,Global,1,3204.04,2097.3,,3204.04,0.0,3204.04,2097.3,1106.74
51178,122,Tanya Verma,Female,Kolkata,West Bengal,Regular,2025-03-19,2025-03-25,Credit Card,Delivered,1001,Wireless Earbuds,Electronics,Global,1,2096.32,1217.44,0.05,2096.32,104.82,1991.5,1217.44,774.06
50436,196,Ananya Verma,Female,Mumbai,Maharashtra,Premium,2026-04-14,2026-04-20,Credit Card,Delivered,1007,Table Lamp,Home,Local,2,2919.43,1909.82,0.0,5838.86,0.0,5838.86,3819.64,2019.22
51169,16,Aditi Patel,Female,Bengaluru,Karnataka,Premium,2024-02-14,,Wallet,Cancelled,1020,Shampoo,Beauty,National,1,4724.9,2913.32,0.05,4724.9,236.24,4488.66,2913.32,1575.34
50101,275,Manav Verma,Male,Ahmedabad,Gujarat,Premium,2025-12-13,2025-12-14,Net Banking,Shipped,1007,Table Lamp,Home,Local,1,2919.43,1909.82,0.05,2919.43,145.97,2773.46,1909.82,863.64
50773,281,Kriti Mehta,Male,Ahmedabad,Gujarat,Regular,2024-09-13,2024-09-15,Credit Card,Delivered,1003,Bluetooth Speaker,Electronics,Local,1,721.29,594.58,0.05,721.29,36.06,685.23,594.58,90.65
50495,42,Advik Chopra,Male,Mumbai,Maharashtra,Regular,2025-02-25,2025-02-27,UPI,Delivered,1007,Table Lamp,Home,Local,2,2919.43,1909.82,0.1,5838.86,583.89,5254.97,3819.64,1435.33
51028,143,Pooja Sharma,Male,Jaipur,Rajasthan,New,2026-03-14,2026-03-20,Wallet,Delivered,1003,Bluetooth Speaker,Electronics,Local,1,721.29,594.58,0.0,721.29,0.0,721.29,594.58,126.71
50807,121,Pooja Sharma,Male,Hyderabad,Telangana,Regular,2025-02-14,2025-02-21,Wallet,Delivered,1026,Programming Book,Books,Local,2,903.16,551.63,0.0,1806.32,0.0,1806.32,1103.26,703.06
51142,72,Karan Joshi,Female,Pune,Maharashtra,New,2024-08-06,2024-08-13,Net Banking,Delivered,1016,Sneakers,Fashion,Global,2,3204.04,2097.3,0.1,6408.08,640.81,5767.27,4194.6,1572.67
50846,111,Arjun Singh,Female,Indore,Madhya Pradesh,Regular,2025-12-17,2025-12-19,Debit Card,Delivered,1016,Sneakers,Fashion,Global,1,3204.04,2097.3,0.15,3204.04,480.61,2723.43,2097.3,626.13
50987,95,Tanya Sharma,Male,Delhi,Delhi,Regular,2025-07-21,2025-07-26,Cash,Delivered,1009,Storage Box,Home,Global,1,1556.03,1289.6,0.0,1556.03,0.0,1556.03,1289.6,266.43
50228,202,Rohan Khan,Female,Mumbai,Maharashtra,Premium,2026-05-09,2026-05-13,Debit Card,Delivered,1020,Shampoo,Beauty,National,1,4724.9,2913.32,,4724.9,0.0,4724.9,2913.32,1811.58
51193,189,Simran Agarwal,Male,Bengaluru,Karnataka,Regular,2025-09-25,2025-09-26,Wallet,Delivered,1034,Skipping Rope,Sports,Global,1,2452.91,1835.2,0.0,2452.91,0.0,2452.91,1835.2,617.71
50672,157,Vivaan Joshi,Female,Bengaluru,Karnataka,Regular,2026-05-24,2026-05-28,Debit Card,Delivered,1004,Power Bank,Electronics,National,1,2950.53,1863.18,0.15,2950.53,442.58,2507.95,1863.18,644.77
50859,157,Vivaan Joshi,Female,Bengaluru,Karnataka,Regular,2026-02-08,2026-02-10,Credit Card,Returned,1015,Hoodie,Fashion,Global,2,256.42,195.5,0.1,512.84,51.28,461.56,391.0,70.56
50925,11,Dev Chopra,Female,Hyderabad,Telangana,Regular,2024-01-08,2024-01-12,Cash,Delivered,1014,Jeans,Fashion,Local,1,4761.64,2902.05,0.0,4761.64,0.0,4761.64,2902.05,1859.59
50067,118,Manav Gupta,Male,Lucknow,Uttar Pradesh,Regular,2026-03-23,2026-03-30,Wallet,Delivered,1004,Power Bank,Electronics,National,1,2950.53,1863.18,0.0,2950.53,0.0,2950.53,1863.18,1087.35
50068,78,Aman Verma,Female,Jaipur,Rajasthan,Regular,2024-05-03,2024-05-05,UPI,Delivered,1026,Programming Book,Books,Local,1,903.16,551.63,0.0,903.16,0.0,903.16,551.63,351.53
50817,33,Ananya Singh,Male,Jaipur,Rajasthan,New,2025-01-11,2025-01-15,Cash,Delivered,1009,Storage Box,Home,Global,1,1556.03,1289.6,0.15,1556.03,233.4,1322.63,1289.6,33.03
50212,280,Vivaan Verma,Female,Hyderabad,Telangana,New,2025-08-08,2025-08-14,Credit Card,Delivered,1027,Data Science Book,Books,Local,1,276.54,194.56,0.2,276.54,55.31,221.23,194.56,26.67
50013,271,Sanya Khan,Male,Hyderabad,Telangana,Regular,2024-01-10,2024-01-14,UPI,Delivered,1008,Bedsheet,Home,Global,2,1858.88,1381.04,0.05,3717.76,185.89,3531.87,2762.08,769.79
50494,99,Nisha Verma,Female,Jaipur,Rajasthan,Regular,2024-07-15,2024-07-18,Credit Card,Returned,1013,T-Shirt,Fashion,Local,1,1702.87,1433.92,0.05,1702.87,85.14,1617.73,1433.92,183.81
51165,175,Aman Joshi,Male,Ahmedabad,Gujarat,Regular,2024-05-02,2024-05-09,Cash,Delivered,1019,Face Wash,Beauty,Local,1,1116.61,742.63,,1116.61,0.0,1116.61,742.63,373.98
50300,137,Tanya Mehta,Female,Chandigarh,Chandigarh,New,2025-01-01,2025-01-03,Cash,Delivered,1031,Yoga Mat,Sports,Local,1,3412.53,2005.57,0.2,3412.53,682.51,2730.02,2005.57,724.45
50411,268,Meera Bansal,Female,Pune,Maharashtra,Premium,2025-07-02,2025-07-09,UPI,Delivered,1007,Table Lamp,Home,Local,1,2919.43,1909.82,0.0,2919.43,0.0,2919.43,1909.82,1009.61
50757,76,Kabir Jain,Male,Chennai,Tamil Nadu,Premium,2024-02-20,2024-02-22,Debit Card,Delivered,1019,Face Wash,Beauty,Local,1,1116.61,742.63,0.2,1116.61,223.32,893.29,742.63,150.66
51075,94,Priya Sharma,Female,Indore,Madhya Pradesh,Regular,2025-09-09,2025-09-15,Net Banking,Delivered,1015,Hoodie,Fashion,Global,2,256.42,195.5,0.05,512.84,25.64,487.2,391.0,96.2
50696,299,Tanya Chopra,Female,Indore,Madhya Pradesh,New,2024-06-15,2024-06-22,Debit Card,Delivered,1007,Table Lamp,Home,Local,1,2919.43,1909.82,0.05,2919.43,145.97,2773.46,1909.82,863.64
51151,28,Ananya Sharma,Male,Ahmedabad,Gujarat,Regular,2026-04-11,2026-04-15,UPI,Returned,1036,Sports Bottle,Sports,Global,1,4088.91,2569.4,0.05,4088.91,204.45,3884.46,2569.4,1315.06
50724,48,Rahul Singh,Male,Jaipur,Rajasthan,Regular,2026-01-21,2026-01-25,Cash,Delivered,1020,Shampoo,Beauty,National,2,4724.9,2913.32,0.05,9449.8,472.49,8977.31,5826.64,3150.67
51016,62,Aditi Singh,Female,Delhi,Delhi,Premium,2024-10-26,2024-10-27,Cash,Returned,1002,Smartwatch,Electronics,National,1,3606.11,2372.12,0.0,3606.11,0.0,3606.11,2372.12,1233.99
50528,3,Riya Jain,Male,Hyderabad,Telangana,Regular,2024-08-01,2024-08-06,Debit Card,Delivered,1003,Bluetooth Speaker,Electronics,Local,1,721.29,594.58,0.05,721.29,36.06,685.23,594.58,90.65
50600,255,Priya Joshi,Male,Hyderabad,Telangana,Regular,2024-11-12,2024-11-13,Credit Card,Delivered,1025,Novel,Books,Local,1,3152.83,1822.24,0.1,3152.83,315.28,2837.55,1822.24,1015.31
51120,9,Riya Sharma,Male,Mumbai,Maharashtra,New,2024-06-23,2024-06-29,Cash,Delivered,1032,Cricket Bat,Sports,Global,1,2636.49,1926.4,,2636.49,0.0,2636.49,1926.4,710.09
50567,243,Aarav Patel,Male,Lucknow,Uttar Pradesh,New,2024-03-13,2024-03-16,UPI,Delivered,1002,Smartwatch,Electronics,National,2,3606.11,2372.12,0.1,7212.22,721.22,6491.0,4744.24,1746.76
50731,230,Kabir Mehta,Male,Chandigarh,Chandigarh,Regular,2024-09-05,2024-09-06,Debit Card,Delivered,1029,Biography,Books,Global,2,1136.3,716.7,0.15,2272.6,340.89,1931.71,1433.4,498.31
50274,84,Karan Mehta,Female,Bengaluru,Karnataka,Regular,2026-06-17,2026-06-23,UPI,Returned,1008,Bedsheet,Home,Global,1,1858.88,1381.04,0.0,1858.88,0.0,1858.88,1381.04,477.84
50967,213,Arjun Bansal,Male,Hyderabad,Telangana,Premium,2025-09-14,2025-09-18,Wallet,Delivered,1015,Hoodie,Fashion,Global,1,256.42,195.5,0.05,256.42,12.82,243.6,195.5,48.1
50238,48,Rahul Singh,Male,Jaipur,Rajasthan,Regular,2025-03-08,2025-03-13,Net Banking,Delivered,1029,Biography,Books,Global,1,1136.3,716.7,0.2,1136.3,227.26,909.04,716.7,192.34
50406,45,Priya Patel,Male,Indore,Madhya Pradesh,Premium,2025-10-07,2025-10-09,Wallet,Delivered,1032,Cricket Bat,Sports,Global,2,2636.49,1926.4,0.0,5272.98,0.0,5272.98,3852.8,1420.18
50003,279,Arjun Gupta,Female,Chennai,Tamil Nadu,Regular,2026-04-30,2026-05-01,UPI,Shipped,1024,Hair Serum,Beauty,Local,1,1678.65,1257.73,0.1,1678.65,167.86,1510.79,1257.73,253.06
50007,43,Kriti Patel,Male,Mumbai,Maharashtra,New,2024-12-08,2024-12-12,Credit Card,Delivered,1021,Moisturizer,Beauty,Global,1,2179.97,1276.18,0.0,2179.97,0.0,2179.97,1276.18,903.79
50312,209,Arjun Mehta,Male,Indore,Madhya Pradesh,Regular,2024-01-22,2024-01-24,Net Banking,Delivered,1016,Sneakers,Fashion,Global,1,3204.04,2097.3,0.15,3204.04,480.61,2723.43,2097.3,626.13
51091,71,Dev Singh,Female,Lucknow,Uttar Pradesh,Regular,2025-02-07,2025-02-10,Net Banking,Delivered,1017,Backpack,Fashion,National,1,903.6,644.09,,903.6,0.0,903.6,644.09,259.51
50452,209,Arjun Mehta,Male,Indore,Madhya Pradesh,Regular,2024-04-06,2024-04-09,Credit Card,Delivered,1012,Wall Clock,Home,Local,1,431.0,282.38,0.1,431.0,43.1,387.9,282.38,105.52
50722,228,Vivaan Joshi,Female,Ahmedabad,Gujarat,Regular,2025-10-15,2025-10-18,Wallet,Shipped,1030,Comics,Books,Global,1,2869.89,2348.12,0.2,2869.89,573.98,2295.91,2348.12,-52.21
50216,98,Rahul Singh,Male,Jaipur,Rajasthan,Regular,2025-02-17,2025-02-21,Cash,Delivered,1001,Wireless Earbuds,Electronics,Global,1,2096.32,1217.44,0.05,2096.32,104.82,1991.5,1217.44,774.06
51086,259,Kabir Bansal,Female,Kolkata,West Bengal,New,2025-12-17,2025-12-21,Credit Card,Delivered,1035,Dumbbells,Sports,National,1,1867.02,1495.81,0.05,1867.02,93.35,1773.67,1495.81,277.86
50028,262,Yash Chopra,Female,Jaipur,Rajasthan,New,2025-02-22,2025-02-25,Wallet,Delivered,1012,Wall Clock,Home,Local,3,431.0,282.38,0.0,1293.0,0.0,1293.0,847.14,445.86
51158,115,Priya Joshi,Male,Bengaluru,Karnataka,Regular,2024-02-08,2024-02-15,UPI,Delivered,1007,Table Lamp,Home,Local,2,2919.43,1909.82,0.0,5838.86,0.0,5838.86,3819.64,2019.22
50362,86,Advik Sharma,Female,Ahmedabad,Gujarat,New,2025-04-20,2025-04-22,Net Banking,Delivered,1022,Perfume,Beauty,Global,1,3417.35,2777.34,0.0,3417.35,0.0,3417.35,2777.34,640.01
50823,266,Kabir Joshi,Female,Hyderabad,Telangana,Premium,2024-10-19,2024-10-23,Net Banking,Delivered,1032,Cricket Bat,Sports,Global,1,2636.49,1926.4,0.15,2636.49,395.47,2241.02,1926.4,314.62
50781,147,Riya Bansal,Male,Hyderabad,Telangana,Regular,2024-05-01,2024-05-05,Credit Card,Delivered,1022,Perfume,Beauty,Global,2,3417.35,2777.34,0.0,6834.7,0.0,6834.7,5554.68,1280.02
50629,118,Manav Gupta,Male,Lucknow,Uttar Pradesh,Regular,2024-08-24,2024-08-31,Cash,Delivered,1027,Data Science Book,Books,Local,3,276.54,194.56,0.0,829.62,0.0,829.62,583.68,245.94
50454,215,Rahul Joshi,Female,Hyderabad,Telangana,Regular,2025-03-19,2025-03-24,Credit Card,Delivered,1033,Football,Sports,Global,2,1414.92,1036.3,0.1,2829.84,282.98,2546.86,2072.6,474.26
50739,148,Rahul Mehta,Female,Indore,Madhya Pradesh,Premium,2024-12-30,2024-12-31,Cash,Delivered,1018,Watch,Fashion,National,4,2767.2,2038.19,0.0,11068.8,0.0,11068.8,8152.76,2916.04
50536,116,Rohan Sharma,Female,Lucknow,Uttar Pradesh,Premium,2024-06-10,2024-06-14,Debit Card,Delivered,1007,Table Lamp,Home,Local,1,2919.43,1909.82,0.2,2919.43,583.89,2335.54,1909.82,425.72
51050,96,Rohan Jain,Female,Bengaluru,Karnataka,New,2025-11-18,2025-11-21,Credit Card,Delivered,1013,T-Shirt,Fashion,Local,2,1702.87,1433.92,0.05,3405.74,170.29,3235.45,2867.84,367.61
50399,88,Karan Khan,Male,Chandigarh,Chandigarh,Regular,2026-06-01,2026-06-02,Debit Card,Shipped,1007,Table Lamp,Home,Local,2,2919.43,1909.82,0.05,5838.86,291.94,5546.92,3819.64,1727.28
50257,276,Manav Gupta,Female,Jaipur,Rajasthan,Regular,2025-10-13,2025-10-20,Debit Card,Delivered,1032,Cricket Bat,Sports,Global,2,2636.49,1926.4,0.0,5272.98,0.0,5272.98,3852.8,1420.18
50292,137,Tanya Mehta,Female,Chandigarh,Chandigarh,New,2025-11-24,2025-11-28,Cash,Returned,1035,Dumbbells,Sports,National,2,1867.02,1495.81,0.0,3734.04,0.0,3734.04,2991.62,742.42
50026,272,Yash Patel,Female,Delhi,Delhi,New,2025-04-04,2025-04-05,Credit Card,Delivered,1014,Jeans,Fashion,Local,1,4761.64,2902.05,0.0,4761.64,0.0,4761.64,2902.05,1859.59
50337,224,Rahul Singh,Female,Delhi,Delhi,Regular,2026-02-22,2026-02-25,Wallet,Delivered,1036,Sports Bottle,Sports,Global,1,4088.91,2569.4,0.0,4088.91,0.0,4088.91,2569.4,1519.51
50585,154,Pooja Sharma,Female,Chennai,Tamil Nadu,Regular,2025-11-18,2025-11-20,Wallet,Delivered,1002,Smartwatch,Electronics,National,3,3606.11,2372.12,0.15,10818.33,1622.75,9195.58,7116.36,2079.22
50048,8,Ishita Singh,Male,Hyderabad,Telangana,Regular,2024-11-15,2024-11-17,Cash,Delivered,1017,Backpack,Fashion,National,1,903.6,644.09,0.1,903.6,90.36,813.24,644.09,169.15
50319,239,Aditi Chopra,Female,Chennai,Tamil Nadu,Regular,2026-04-15,2026-04-20,Cash,Delivered,1016,Sneakers,Fashion,Global,1,3204.04,2097.3,0.0,3204.04,0.0,3204.04,2097.3,1106.74
50107,174,Kriti Singh,Male,Chennai,Tamil Nadu,Regular,2025-07-12,2025-07-18,Debit Card,Delivered,1026,Programming Book,Books,Local,1,903.16,551.63,0.0,903.16,0.0,903.16,551.63,351.53
50799,97,Kabir Singh,Female,Ahmedabad,Gujarat,New,2024-04-22,2024-04-24,Cash,Delivered,1004,Power Bank,Electronics,National,2,2950.53,1863.18,0.0,5901.06,0.0,5901.06,3726.36,2174.7
50056,88,Karan Khan,Male,Chandigarh,Chandigarh,Regular,2024-02-13,2024-02-18,Debit Card,Delivered,1033,Football,Sports,Global,1,1414.92,1036.3,0.0,1414.92,0.0,1414.92,1036.3,378.62
50523,201,Tanya Sharma,Female,Lucknow,Uttar Pradesh,Regular,2025-05-08,2025-05-15,Debit Card,Delivered,1035,Dumbbells,Sports,National,1,1867.02,1495.81,0.05,1867.02,93.35,1773.67,1495.81,277.86
50214,283,Tanya Bansal,Female,Kolkata,West Bengal,New,2026-02-16,2026-02-19,Wallet,Delivered,1036,Sports Bottle,Sports,Global,1,4088.91,2569.4,0.0,4088.91,0.0,4088.91,2569.4,1519.51
50121,296,Simran Sharma,Female,Hyderabad,Telangana,Regular,2024-09-14,2024-09-16,Wallet,Delivered,1012,Wall Clock,Home,Local,1,431.0,282.38,0.05,431.0,21.55,409.45,282.38,127.07
50918,77,Riya Mehta,Other,Bengaluru,Karnataka,New,2024-02-14,2024-02-19,Cash,Delivered,1030,Comics,Books,Global,1,2869.89,2348.12,0.1,2869.89,286.99,2582.9,2348.12,234.78
51068,294,Manav Bansal,Male,Delhi,Delhi,Regular,2025-06-02,2025-06-09,UPI,Delivered,1003,Bluetooth Speaker,Electronics,Local,1,721.29,594.58,0.05,721.29,36.06,685.23,594.58,90.65
51118,80,Meera Bansal,Female,Lucknow,Uttar Pradesh,Regular,2024-05-20,2024-05-23,Cash,Shipped,1023,Sunscreen,Beauty,Local,1,2823.99,1634.38,0.0,2823.99,0.0,2823.99,1634.38,1189.61
50073,106,Kriti Agarwal,Female,Mumbai,Maharashtra,Regular,2025-02-17,2025-02-24,Debit Card,Delivered,1028,Exam Guide,Books,Global,2,847.54,716.34,0.2,1695.08,339.02,1356.06,1432.68,-76.62
50948,282,Priya Khan,Male,Hyderabad,Telangana,Regular,2026-03-01,2026-03-02,Cash,Shipped,1025,Novel,Books,Local,1,3152.83,1822.24,0.1,3152.83,315.28,2837.55,1822.24,1015.31
50747,138,Neha Joshi,Male,Delhi,Delhi,New,2026-04-10,2026-04-14,Net Banking,Delivered,1018,Watch,Fashion,National,2,2767.2,2038.19,0.0,5534.4,0.0,5534.4,4076.38,1458.02
50716,154,Pooja Sharma,Female,Chennai,Tamil Nadu,Regular,2025-07-21,,Debit Card,Cancelled,1031,Yoga Mat,Sports,Local,1,3412.53,2005.57,0.05,3412.53,170.63,3241.9,2005.57,1236.33
50558,293,Neha Gupta,Female,Kolkata,West Bengal,Regular,2025-02-07,2025-02-12,Cash,Shipped,1001,Wireless Earbuds,Electronics,Global,1,2096.32,1217.44,0.0,2096.32,0.0,2096.32,1217.44,878.88
51082,51,Aditi Patel,Female,Kolkata,West Bengal,Regular,2025-07-17,2025-07-20,Credit Card,Delivered,1008,Bedsheet,Home,Global,2,1858.88,1381.04,0.0,3717.76,0.0,3717.76,2762.08,955.68
51046,132,Dev Sharma,Male,Pune,Maharashtra,Premium,2025-07-21,2025-07-25,UPI,Delivered,1009,Storage Box,Home,Global,2,1556.03,1289.6,0.0,3112.06,0.0,3112.06,2579.2,532.86
50553,37,Rahul Patel,Female,Lucknow,Uttar Pradesh,Regular,2024-12-07,,UPI,Cancelled,1029,Biography,Books,Global,1,1136.3,716.7,0.0,1136.3,0.0,1136.3,716.7,419.6
50562,75,Yash Chopra,Female,Kolkata,West Bengal,New,2025-04-26,2025-04-27,Credit Card,Delivered,1023,Sunscreen,Beauty,Local,2,2823.99,1634.38,0.05,5647.98,282.4,5365.58,3268.76,2096.82
50425,50,Ishita Chopra,Male,Ahmedabad,Gujarat,Regular,2025-05-16,2025-05-19,Wallet,Shipped,1027,Data Science Book,Books,Local,2,276.54,194.56,0.1,553.08,55.31,497.77,389.12,108.65
51014,99,Nisha Verma,Female,Jaipur,Rajasthan,Regular,2024-06-15,2024-06-20,Wallet,Delivered,1016,Sneakers,Fashion,Global,1,3204.04,2097.3,0.0,3204.04,0.0,3204.04,2097.3,1106.74
50326,251,Kabir Gupta,Male,Mumbai,Maharashtra,Premium,2025-05-29,2025-05-30,Cash,Returned,1023,Sunscreen,Beauty,Local,1,2823.99,1634.38,0.0,2823.99,0.0,2823.99,1634.38,1189.61
50924,111,Arjun Singh,Female,Indore,Madhya Pradesh,Regular,2025-03-29,2025-04-04,Cash,Delivered,1005,Keyboard,Electronics,National,1,494.6,310.77,0.15,494.6,74.19,420.41,310.77,109.64
50317,239,Aditi Chopra,Female,Chennai,Tamil Nadu,Regular,2025-02-22,2025-02-27,Debit Card,Delivered,1020,Shampoo,Beauty,National,1,4724.9,2913.32,0.0,4724.9,0.0,4724.9,2913.32,1811.58
50804,203,Riya Patel,Other,Bengaluru,Karnataka,Regular,2025-02-20,2025-02-21,Net Banking,Shipped,1020,Shampoo,Beauty,National,2,4724.9,2913.32,0.15,9449.8,1417.47,8032.33,5826.64,2205.69
51163,161,Arjun Verma,Female,Kolkata,West Bengal,Regular,2025-06-24,2025-06-29,Credit Card,Delivered,1003,Bluetooth Speaker,Electronics,Local,1,721.29,594.58,0.15,721.29,108.19,613.1,594.58,18.52
50529,4,Sanya Jain,Female,Indore,Madhya Pradesh,New,2024-05-17,2024-05-22,UPI,Delivered,1006,Mouse,Electronics,Local,2,969.37,755.17,,1938.74,0.0,1938.74,1510.34,428.4
50837,202,Rohan Khan,Female,Mumbai,Maharashtra,Premium,2025-04-11,2025-04-15,Wallet,Delivered,1035,Dumbbells,Sports,National,1,1867.02,1495.81,0.2,1867.02,373.4,1493.62,1495.81,-2.19
50715,275,Manav Verma,Male,Ahmedabad,Gujarat,Premium,2025-05-23,2025-05-30,Wallet,Delivered,1029,Biography,Books,Global,1,1136.3,716.7,0.0,1136.3,0.0,1136.3,716.7,419.6
50901,222,Tanya Agarwal,Female,Mumbai,Maharashtra,Regular,2026-02-24,2026-03-03,Cash,Delivered,1033,Football,Sports,Global,4,1414.92,1036.3,0.0,5659.68,0.0,5659.68,4145.2,1514.48
50061,70,Nisha Chopra,Male,Kolkata,West Bengal,Premium,2026-04-03,2026-04-09,Credit Card,Delivered,1004,Power Bank,Electronics,National,1,2950.53,1863.18,0.1,2950.53,295.05,2655.48,1863.18,792.3
50723,53,Nisha Mehta,Male,Bengaluru,Karnataka,Regular,2025-11-17,2025-11-23,cash,Delivered,1008,Bedsheet,Home,Global,2,1858.88,1381.04,0.05,3717.76,185.89,3531.87,2762.08,769.79
50093,286,Rahul Chopra,Male,Kolkata,West Bengal,Regular,2024-10-03,2024-10-10,Credit Card,Delivered,1033,Football,Sports,Global,1,1414.92,1036.3,0.0,1414.92,0.0,1414.92,1036.3,378.62
50858,207,Kriti Gupta,Female,Pune,Maharashtra,Regular,2025-04-08,2025-04-14,Credit Card,Delivered,1017,Backpack,Fashion,National,1,903.6,644.09,0.0,903.6,0.0,903.6,644.09,259.51
50619,166,Dev Joshi,Female,Jaipur,Rajasthan,Regular,2026-03-01,2026-03-04,Debit Card,Shipped,1011,Cushion Set,Home,Local,1,2158.18,1240.02,0.2,2158.18,431.64,1726.54,1240.02,486.52
50352,173,Kriti Chopra,Female,Delhi,Delhi,Regular,2025-02-23,2025-02-27,Net Banking,Delivered,1036,Sports Bottle,Sports,Global,1,4088.91,2569.4,0.0,4088.91,0.0,4088.91,2569.4,1519.51
50933,61,Rahul Bansal,Male,Chandigarh,Chandigarh,Regular,2025-02-27,,Wallet,Cancelled,1027,Data Science Book,Books,Local,1,276.54,194.56,0.0,276.54,0.0,276.54,194.56,81.98
50281,295,Sanya Verma,Male,Delhi,Delhi,Regular,2025-12-08,2025-12-13,Wallet,Delivered,1013,T-Shirt,Fashion,Local,2,1702.87,1433.92,0.15,3405.74,510.86,2894.88,2867.84,27.04
50421,109,Rohan Bansal,Female,Mumbai,Maharashtra,Regular,2026-06-15,2026-06-22,Wallet,Delivered,1004,Power Bank,Electronics,National,1,2950.53,1863.18,0.1,2950.53,295.05,2655.48,1863.18,792.3
51115,262,Yash Chopra,Female,Jaipur,Rajasthan,New,2024-08-31,2024-09-03,UPI,Returned,1014,Jeans,Fashion,Local,1,4761.64,2902.05,0.0,4761.64,0.0,4761.64,2902.05,1859.59
50360,194,Tanya Bansal,Female,Hyderabad,Telangana,Regular,2026-05-01,2026-05-05,Net Banking,Delivered,1033,Football,Sports,Global,1,1414.92,1036.3,0.0,1414.92,0.0,1414.92,1036.3,378.62
50423,178,Kriti Gupta,Female,Hyderabad,Telangana,Regular,2025-07-28,2025-08-01,UPI,Delivered,1017,Backpack,Fashion,National,1,903.6,644.09,0.15,903.6,135.54,768.06,644.09,123.97
50679,218,Karan Bansal,Female,Lucknow,Uttar Pradesh,Regular,2025-08-11,2025-08-14,Wallet,Delivered,1024,Hair Serum,Beauty,Local,2,1678.65,1257.73,0.1,3357.3,335.73,3021.57,2515.46,506.11
50527,119,Arjun Jain,Female,Indore,Madhya Pradesh,Regular,2025-11-04,2025-11-06,Wallet,Delivered,1034,Skipping Rope,Sports,Global,2,2452.91,1835.2,0.0,4905.82,0.0,4905.82,3670.4,1235.42
50478,216,Arjun Khan,Male,Delhi,Delhi,Regular,2026-05-04,2026-05-08,UPI,Delivered,1026,Programming Book,Books,Local,2,903.16,551.63,0.0,1806.32,0.0,1806.32,1103.26,703.06
51095,152,Neha Agarwal,Female,Chennai,Tamil Nadu,Regular,2025-07-26,2025-07-28,Wallet,Delivered,1009,Storage Box,Home,Global,1,1556.03,1289.6,0.0,1556.03,0.0,1556.03,1289.6,266.43
50183,141,Ananya Joshi,Male,Lucknow,Uttar Pradesh,Regular,2024-06-21,2024-06-28,UPI,Delivered,1027,Data Science Book,Books,Local,3,276.54,194.56,0.05,829.62,41.48,788.14,583.68,204.46
51092,224,Rahul Singh,Female,Delhi,Delhi,Regular,2024-06-23,2024-06-25,Credit Card,Delivered,1024,Hair Serum,Beauty,Local,3,1678.65,1257.73,0.0,5035.95,0.0,5035.95,3773.19,1262.76
50433,260,Neha Patel,Male,Mumbai,Maharashtra,Regular,2024-05-04,2024-05-08,Debit Card,Delivered,1032,Cricket Bat,Sports,Global,2,2636.49,1926.4,0.0,5272.98,0.0,5272.98,3852.8,1420.18
50111,241,Priya Mehta,Female,Bengaluru,Karnataka,Premium,2026-05-16,2026-05-22,Debit Card,Delivered,1020,Shampoo,Beauty,National,1,4724.9,2913.32,,4724.9,0.0,4724.9,2913.32,1811.58
50371,217,Aarav Mehta,Male,Kolkata,West Bengal,Premium,2024-12-23,2024-12-24,Net Banking,Delivered,1023,Sunscreen,Beauty,Local,1,2823.99,1634.38,0.1,2823.99,282.4,2541.59,1634.38,907.21
50240,207,Kriti Gupta,Female,Pune,Maharashtra,Regular,2025-06-24,2025-06-25,Credit Card,Delivered,1016,Sneakers,Fashion,Global,1,3204.04,2097.3,0.1,3204.04,320.4,2883.64,2097.3,786.34
50709,198,Ishita Khan,Male,Jaipur,Rajasthan,Premium,2025-06-25,2025-06-29,Debit Card,Delivered,1020,Shampoo,Beauty,National,2,4724.9,2913.32,0.05,9449.8,472.49,8977.31,5826.64,3150.67
50630,63,Rahul Agarwal,Male,Delhi,Delhi,Premium,2025-11-17,2025-11-24,Net Banking,Delivered,1034,Skipping Rope,Sports,Global,1,2452.91,1835.2,0.0,2452.91,0.0,2452.91,1835.2,617.71
50594,29,Meera Singh,Male,Jaipur,Rajasthan,Regular,2024-07-13,2024-07-19,UPI,Delivered,1001,Wireless Earbuds,Electronics,Global,1,2096.32,1217.44,0.1,2096.32,209.63,1886.69,1217.44,669.25
50486,18,Ananya Singh,Female,Lucknow,Uttar Pradesh,Regular,2024-02-26,2024-02-29,Credit Card,Delivered,1030,Comics,Books,Global,1,2869.89,2348.12,0.0,2869.89,0.0,2869.89,2348.12,521.77
50701,56,Rahul Patel,Female,Ahmedabad,Gujarat,Regular,2024-08-23,2024-08-24,UPI,Delivered,1006,Mouse,Electronics,Local,1,969.37,755.17,0.2,969.37,193.87,775.5,755.17,20.33
50262,139,Aman Chopra,Female,Chennai,Tamil Nadu,Regular,2025-09-13,2025-09-15,Cash,Delivered,1005,Keyboard,Electronics,National,1,494.6,310.77,0.05,494.6,24.73,469.87,310.77,159.1
50480,39,Tanya Khan,Male,Jaipur,Rajasthan,Regular,2026-03-11,2026-03-12,Cash,Delivered,1032,Cricket Bat,Sports,Global,2,2636.49,1926.4,0.0,5272.98,0.0,5272.98,3852.8,1420.18
50650,143,Pooja Sharma,Male,Jaipur,Rajasthan,New,2024-08-10,2024-08-16,UPI,Delivered,1020,Shampoo,Beauty,National,3,4724.9,2913.32,0.1,14174.7,1417.47,12757.23,8739.96,4017.27
50340,75,Yash Chopra,Female,Kolkata,West Bengal,New,2025-11-07,2025-11-14,Cash,Delivered,1029,Biography,Books,Global,4,1136.3,716.7,0.0,4545.2,0.0,4545.2,2866.8,1678.4
50669,31,Sanya Singh,Female,Bengaluru,Karnataka,Premium,2026-06-16,2026-06-21,UPI,Delivered,1011,Cushion Set,Home,Local,2,2158.18,1240.02,0.1,4316.36,431.64,3884.72,2480.04,1404.68
50552,93,Sanya Mehta,Male,Hyderabad,Telangana,Premium,2026-02-15,2026-02-21,Credit Card,Delivered,1010,Water Bottle,Home,Global,1,2359.62,1449.8,0.0,2359.62,0.0,2359.62,1449.8,909.82
50459,265,Tanya Khan,Male,Indore,Madhya Pradesh,Regular,2024-07-23,2024-07-29,Cash,Delivered,1019,Face Wash,Beauty,Local,1,1116.61,742.63,0.05,1116.61,55.83,1060.78,742.63,318.15
50184,241,Priya Mehta,Female,Bengaluru,Karnataka,Premium,2026-04-14,2026-04-20,Net Banking,Delivered,1030,Comics,Books,Global,3,2869.89,2348.12,0.2,8609.67,1721.93,6887.74,7044.36,-156.62
50138,75,Yash Chopra,Female,Kolkata,West Bengal,New,2025-02-20,2025-02-25,Debit Card,Delivered,1011,Cushion Set,Home,Local,3,2158.18,1240.02,0.0,6474.54,0.0,6474.54,3720.06,2754.48
51161,104,Yash Gupta,Male,Delhi,Delhi,Regular,2025-01-06,2025-01-11,Net Banking,Shipped,1008,Bedsheet,Home,Global,2,1858.88,1381.04,0.0,3717.76,0.0,3717.76,2762.08,955.68
50707,223,Priya Jain,Female,Jaipur,Rajasthan,New,2025-06-18,2025-06-20,Debit Card,Delivered,1017,Backpack,Fashion,National,1,903.6,644.09,0.0,903.6,0.0,903.6,644.09,259.51
50582,170,Yash Gupta,Male,Bengaluru,Karnataka,Regular,2025-02-16,2025-02-23,UPI,Delivered,1033,Football,Sports,Global,1,1414.92,1036.3,0.1,1414.92,141.49,1273.43,1036.3,237.13
50081,86,Advik Sharma,Female,Ahmedabad,Gujarat,New,2025-08-10,2025-08-17,Wallet,Delivered,1010,Water Bottle,Home,Global,4,2359.62,1449.8,0.1,9438.48,943.85,8494.63,5799.2,2695.43
50769,118,Manav Gupta,Male,Lucknow,Uttar Pradesh,Regular,2024-07-16,2024-07-21,Wallet,Delivered,1027,Data Science Book,Books,Local,1,276.54,194.56,0.05,276.54,13.83,262.71,194.56,68.15
50870,61,Rahul Bansal,Male,Chandigarh,Chandigarh,Regular,2024-05-04,2024-05-09,Wallet,Delivered,1011,Cushion Set,Home,Local,1,2158.18,1240.02,0.1,2158.18,215.82,1942.36,1240.02,702.34
50762,23,Riya Mehta,Male,Indore,Madhya Pradesh,Regular,2025-07-13,2025-07-20,Wallet,Delivered,1036,Sports Bottle,Sports,Global,1,4088.91,2569.4,0.0,4088.91,0.0,4088.91,2569.4,1519.51
50030,163,Karan Bansal,Male,Mumbai,Maharashtra,Regular,2025-07-31,2025-08-02,Debit Card,Delivered,1018,Watch,Fashion,National,3,2767.2,2038.19,0.05,8301.6,415.08,7886.52,6114.57,1771.95
50542,128,Vivaan Mehta,Other,Pune,Maharashtra,Regular,2025-06-02,2025-06-04,Net Banking,Delivered,1005,Keyboard,Electronics,National,3,494.6,310.77,0.1,1483.8,148.38,1335.42,932.31,403.11
50166,181,Kriti Chopra,Female,Pune,Maharashtra,Regular,2025-11-12,2025-11-13,Wallet,Delivered,1034,Skipping Rope,Sports,Global,1,2452.91,1835.2,0.0,2452.91,0.0,2452.91,1835.2,617.71
50249,277,Simran Gupta,Female,Pune,Maharashtra,Premium,2025-07-29,2025-08-01,Credit Card,Delivered,1022,Perfume,Beauty,Global,2,3417.35,2777.34,0.0,6834.7,0.0,6834.7,5554.68,1280.02
50308,192,Aditi Chopra,Female,Bengaluru,Karnataka,Regular,2024-01-05,2024-01-09,Net Banking,Delivered,1029,Biography,Books,Global,1,1136.3,716.7,0.15,1136.3,170.44,965.86,716.7,249.16
50448,44,Aman Agarwal,Male,Lucknow,Uttar Pradesh,Regular,2024-01-27,2024-01-28,cash,Delivered,1027,Data Science Book,Books,Local,3,276.54,194.56,0.0,829.62,0.0,829.62,583.68,245.94
50347,298,Rahul Gupta,Female,Delhi,Delhi,New,2026-03-18,2026-03-21,UPI,Delivered,1016,Sneakers,Fashion,Global,1,3204.04,2097.3,0.0,3204.04,0.0,3204.04,2097.3,1106.74
50335,151,Nisha Verma,Female,Pune,Maharashtra,Regular,2025-02-03,2025-02-06,Net Banking,Delivered,1029,Biography,Books,Global,1,1136.3,716.7,0.0,1136.3,0.0,1136.3,716.7,419.6
50286,213,Arjun Bansal,Male,Hyderabad,Telangana,Premium,2026-01-31,2026-02-04,Wallet,Delivered,1004,Power Bank,Electronics,National,1,2950.53,1863.18,0.15,2950.53,442.58,2507.95,1863.18,644.77
50950,140,Arjun Mehta,Female,Ahmedabad,Gujarat,Regular,2025-02-13,2025-02-15,Wallet,Delivered,1001,Wireless Earbuds,Electronics,Global,2,2096.32,1217.44,0.05,4192.64,209.63,3983.01,2434.88,1548.13
50098,207,Kriti Gupta,Female,Pune,Maharashtra,Regular,2024-07-28,2024-08-03,Wallet,Delivered,1027,Data Science Book,Books,Local,1,276.54,194.56,0.0,276.54,0.0,276.54,194.56,81.98
50468,296,Simran Sharma,Female,Hyderabad,Telangana,Regular,2024-11-17,2024-11-22,Wallet,Shipped,1016,Sneakers,Fashion,Global,1,3204.04,2097.3,0.2,3204.04,640.81,2563.23,2097.3,465.93
51037,50,Ishita Chopra,Male,Ahmedabad,Gujarat,Regular,2025-08-06,2025-08-12,Wallet,Delivered,1004,Power Bank,Electronics,National,1,2950.53,1863.18,,2950.53,0.0,2950.53,1863.18,1087.35
50913,247,Priya Jain,Male,Indore,Madhya Pradesh,Premium,2025-12-30,2026-01-02,Wallet,Returned,1008,Bedsheet,Home,Global,1,1858.88,1381.04,0.1,1858.88,185.89,1672.99,1381.04,291.95
50756,125,Aditi Bansal,Female,Chennai,Tamil Nadu,New,2024-03-13,2024-03-16,Net Banking,Delivered,1006,Mouse,Electronics,Local,2,969.37,755.17,0.0,1938.74,0.0,1938.74,1510.34,428.4
50945,83,Tanya Joshi,Female,Chennai,Tamil Nadu,New,2024-05-10,2024-05-15,UPI,Shipped,1017,Backpack,Fashion,National,1,903.6,644.09,0.15,903.6,135.54,768.06,644.09,123.97
50614,182,Aditi Mehta,Male,Chandigarh,Chandigarh,Premium,2025-12-11,2025-12-12,Credit Card,Delivered,1031,Yoga Mat,Sports,Local,1,3412.53,2005.57,0.15,3412.53,511.88,2900.65,2005.57,895.08
50802,115,Priya Joshi,Male,Bengaluru,Karnataka,Regular,2024-08-05,2024-08-06,Debit Card,Delivered,1016,Sneakers,Fashion,Global,2,3204.04,2097.3,0.0,6408.08,0.0,6408.08,4194.6,2213.48
50758,273,Ishita Bansal,Male,Mumbai,Maharashtra,Premium,2025-08-02,2025-08-04,Net Banking,Delivered,1029,Biography,Books,Global,1,1136.3,716.7,0.05,1136.3,56.82,1079.48,716.7,362.78
50689,133,Advik Patel,Female,Ahmedabad,Gujarat,Regular,2025-01-29,2025-02-02,UPI,Delivered,1019,Face Wash,Beauty,Local,1,1116.61,742.63,0.1,1116.61,111.66,1004.95,742.63,262.32
50066,173,Kriti Chopra,Female,Delhi,Delhi,Regular,2026-01-09,2026-01-12,UPI,Delivered,1033,Football,Sports,Global,1,1414.92,1036.3,0.0,1414.92,0.0,1414.92,1036.3,378.62
50794,147,Riya Bansal,Male,Hyderabad,Telangana,Regular,2025-11-16,2025-11-20,Wallet,Delivered,1014,Jeans,Fashion,Local,3,4761.64,2902.05,0.05,14284.92,714.25,13570.67,8706.15,4864.52
50744,23,Riya Mehta,Male,Indore,Madhya Pradesh,Regular,2025-08-02,2025-08-03,Net Banking,Returned,1029,Biography,Books,Global,1,1136.3,716.7,0.05,1136.3,56.82,1079.48,716.7,362.78
50568,2,Sanya Singh,Female,Hyderabad,Telangana,Premium,2026-01-24,2026-01-31,Debit Card,Delivered,1018,Watch,Fashion,National,1,2767.2,2038.19,0.1,2767.2,276.72,2490.48,2038.19,452.29
51084,115,Priya Joshi,Male,Bengaluru,Karnataka,Regular,2025-11-18,,Net Banking,Cancelled,1003,Bluetooth Speaker,Electronics,Local,1,721.29,594.58,0.15,721.29,108.19,613.1,594.58,18.52
51099,255,Priya Joshi,Male,Hyderabad,Telangana,Regular,2025-01-21,2025-01-28,Wallet,Delivered,1004,Power Bank,Electronics,National,1,2950.53,1863.18,0.05,2950.53,147.53,2803.0,1863.18,939.82
50303,282,Priya Khan,Male,Hyderabad,Telangana,Regular,2025-11-17,2025-11-18,Credit Card,Delivered,1020,Shampoo,Beauty,National,2,4724.9,2913.32,0.0,9449.8,0.0,9449.8,5826.64,3623.16
50255,120,Arjun Singh,Female,Kolkata,West Bengal,Regular,2026-03-24,2026-03-29,Wallet,Delivered,1025,Novel,Books,Local,2,3152.83,1822.24,0.15,6305.66,945.85,5359.81,3644.48,1715.33
50959,43,Kriti Patel,Male,Mumbai,Maharashtra,New,2025-02-04,2025-02-06,Cash,Delivered,1019,Face Wash,Beauty,Local,1,1116.61,742.63,0.0,1116.61,0.0,1116.61,742.63,373.98
51024,24,Rohan Singh,Female,Pune,Maharashtra,New,2025-06-23,2025-06-28,UPI,Delivered,1020,Shampoo,Beauty,National,1,4724.9,2913.32,0.0,4724.9,0.0,4724.9,2913.32,1811.58
50313,141,Ananya Joshi,Male,Lucknow,Uttar Pradesh,Regular,2025-10-18,2025-10-25,Wallet,Shipped,1006,Mouse,Electronics,Local,1,969.37,755.17,0.0,969.37,0.0,969.37,755.17,214.2
50530,211,Rohan Agarwal,Male,Chandigarh,Chandigarh,Regular,2024-10-03,2024-10-09,Cash,Delivered,1024,Hair Serum,Beauty,Local,3,1678.65,1257.73,0.15,5035.95,755.39,4280.56,3773.19,507.37
50222,77,Riya Mehta,Other,Bengaluru,Karnataka,New,2025-05-18,2025-05-24,Credit Card,Delivered,1001,Wireless Earbuds,Electronics,Global,1,2096.32,1217.44,0.2,2096.32,419.26,1677.06,1217.44,459.62
50389,279,Arjun Gupta,Female,Chennai,Tamil Nadu,Regular,2024-06-19,2024-06-21,Net Banking,Delivered,1025,Novel,Books,Local,1,3152.83,1822.24,0.0,3152.83,0.0,3152.83,1822.24,1330.59
50236,118,Manav Gupta,Male,Lucknow,Uttar Pradesh,Regular,2025-01-16,2025-01-18,Debit Card,Returned,1009,Storage Box,Home,Global,1,1556.03,1289.6,0.0,1556.03,0.0,1556.03,1289.6,266.43
50810,125,Aditi Bansal,Female,Chennai,Tamil Nadu,New,2025-03-02,,Cash,Cancelled,1033,Football,Sports,Global,2,1414.92,1036.3,,2829.84,0.0,2829.84,2072.6,757.24
50483,291,Kabir Mehta,Male,Ahmedabad,Gujarat,Regular,2025-03-10,2025-03-14,Wallet,Delivered,1018,Watch,Fashion,National,1,2767.2,2038.19,0.0,2767.2,0.0,2767.2,2038.19,729.01
50713,299,Tanya Chopra,Female,Indore,Madhya Pradesh,New,2024-10-02,2024-10-09,Credit Card,Delivered,1010,Water Bottle,Home,Global,2,2359.62,1449.8,0.05,4719.24,235.96,4483.28,2899.6,1583.68
50306,70,Nisha Chopra,Male,Kolkata,West Bengal,Premium,2025-09-16,2025-09-22,Cash,Delivered,1023,Sunscreen,Beauty,Local,2,2823.99,1634.38,0.2,5647.98,1129.6,4518.38,3268.76,1249.62
51111,56,Rahul Patel,Female,Ahmedabad,Gujarat,Regular,2025-08-13,2025-08-14,UPI,Shipped,1005,Keyboard,Electronics,National,4,494.6,310.77,,1978.4,0.0,1978.4,1243.08,735.32
51090,83,Tanya Joshi,Female,Chennai,Tamil Nadu,New,2024-11-28,2024-12-01,Wallet,Delivered,1021,Moisturizer,Beauty,Global,1,2179.97,1276.18,0.0,2179.97,0.0,2179.97,1276.18,903.79
50772,158,Simran Agarwal,Male,Pune,Maharashtra,Regular,2025-07-22,2025-07-23,UPI,Delivered,1001,Wireless Earbuds,Electronics,Global,1,2096.32,1217.44,0.2,2096.32,419.26,1677.06,1217.44,459.62
50917,99,Nisha Verma,Female,Jaipur,Rajasthan,Regular,2024-08-29,2024-08-31,Credit Card,Delivered,1011,Cushion Set,Home,Local,1,2158.18,1240.02,0.05,2158.18,107.91,2050.27,1240.02,810.25
51139,237,Meera Gupta,Female,Pune,Maharashtra,Regular,2024-01-08,2024-01-11,UPI,Delivered,1001,Wireless Earbuds,Electronics,Global,1,2096.32,1217.44,0.05,2096.32,104.82,1991.5,1217.44,774.06
50250,54,Tanya Verma,Female,Ahmedabad,Gujarat,Premium,2025-06-11,2025-06-18,Debit Card,Delivered,1002,Smartwatch,Electronics,National,1,3606.11,2372.12,0.15,3606.11,540.92,3065.19,2372.12,693.07
50760,196,Ananya Verma,Female,Mumbai,Maharashtra,Premium,2026-03-19,2026-03-25,Wallet,Delivered,1019,Face Wash,Beauty,Local,1,1116.61,742.63,0.0,1116.61,0.0,1116.61,742.63,373.98
50595,87,Pooja Bansal,Female,Chandigarh,Chandigarh,New,2024-05-28,2024-06-01,Net Banking,Delivered,1027,Data Science Book,Books,Local,3,276.54,194.56,0.0,829.62,0.0,829.62,583.68,245.94
50072,174,Kriti Singh,Male,Chennai,Tamil Nadu,Regular,2026-04-07,2026-04-11,UPI,Delivered,1031,Yoga Mat,Sports,Local,3,3412.53,2005.57,,10237.59,0.0,10237.59,6016.71,4220.88
50095,289,Manav Chopra,Male,Bengaluru,Karnataka,New,2025-12-24,2025-12-30,Credit Card,Delivered,1002,Smartwatch,Electronics,National,1,3606.11,2372.12,0.0,3606.11,0.0,3606.11,2372.12,1233.99
50546,84,Karan Mehta,Female,Bengaluru,Karnataka,Regular,2025-12-03,2025-12-08,Credit Card,Delivered,1010,Water Bottle,Home,Global,1,2359.62,1449.8,0.0,2359.62,0.0,2359.62,1449.8,909.82
50034,160,Simran Joshi,Female,Lucknow,Uttar Pradesh,Regular,2026-05-10,2026-05-12,Credit Card,Delivered,1023,Sunscreen,Beauty,Local,1,2823.99,1634.38,0.0,2823.99,0.0,2823.99,1634.38,1189.61
50862,115,Priya Joshi,Male,Bengaluru,Karnataka,Regular,2025-10-31,2025-11-02,Credit Card,Delivered,1007,Table Lamp,Home,Local,1,2919.43,1909.82,0.2,2919.43,583.89,2335.54,1909.82,425.72
50579,204,Priya Bansal,Male,Lucknow,Uttar Pradesh,Regular,2025-04-28,2025-05-02,Credit Card,Delivered,1026,Programming Book,Books,Local,1,903.16,551.63,0.1,903.16,90.32,812.84,551.63,261.21
50449,87,Pooja Bansal,Female,Chandigarh,Chandigarh,New,2026-03-16,2026-03-18,Wallet,Delivered,1029,Biography,Books,Global,1,1136.3,716.7,0.1,1136.3,113.63,1022.67,716.7,305.97
50446,10,Aman Khan,Male,Kolkata,West Bengal,New,2025-03-09,2025-03-15,Net Banking,Delivered,1012,Wall Clock,Home,Local,2,431.0,282.38,0.1,862.0,86.2,775.8,564.76,211.04
50260,256,Ishita Patel,Male,Kolkata,West Bengal,Regular,2024-08-22,2024-08-26,Debit Card,Delivered,1016,Sneakers,Fashion,Global,1,3204.04,2097.3,0.0,3204.04,0.0,3204.04,2097.3,1106.74
50205,22,Dev Chopra,Male,Jaipur,Rajasthan,New,2026-06-01,2026-06-05,Wallet,Delivered,1003,Bluetooth Speaker,Electronics,Local,2,721.29,594.58,0.2,1442.58,288.52,1154.06,1189.16,-35.1
50573,92,Riya Joshi,Male,Delhi,Delhi,New,2024-02-21,,Cash,Cancelled,1034,Skipping Rope,Sports,Global,2,2452.91,1835.2,0.0,4905.82,0.0,4905.82,3670.4,1235.42
50824,154,Pooja Sharma,Female,Chennai,Tamil Nadu,Regular,2025-06-05,2025-06-12,Net Banking,Delivered,1005,Keyboard,Electronics,National,1,494.6,310.77,0.0,494.6,0.0,494.6,310.77,183.83
50586,72,Karan Joshi,Female,Pune,Maharashtra,New,2026-04-21,2026-04-23,Wallet,Delivered,1029,Biography,Books,Global,1,1136.3,716.7,0.15,1136.3,170.44,965.86,716.7,249.16
50366,263,Aarav Verma,Male,Lucknow,Uttar Pradesh,New,2024-09-23,,Cash,Cancelled,1025,Novel,Books,Local,2,3152.83,1822.24,0.1,6305.66,630.57,5675.09,3644.48,2030.61
50812,6,Dev Bansal,Male,Lucknow,Uttar Pradesh,Regular,2026-03-19,2026-03-24,Debit Card,Shipped,1016,Sneakers,Fashion,Global,2,3204.04,2097.3,0.0,6408.08,0.0,6408.08,4194.6,2213.48
50078,161,Arjun Verma,Female,Kolkata,West Bengal,Regular,2024-06-26,2024-07-01,Credit Card,Delivered,1007,Table Lamp,Home,Local,2,2919.43,1909.82,0.05,5838.86,291.94,5546.92,3819.64,1727.28
50085,197,Sanya Bansal,Female,Delhi,Delhi,Regular,2024-11-02,2024-11-07,Cash,Delivered,1010,Water Bottle,Home,Global,1,2359.62,1449.8,0.0,2359.62,0.0,2359.62,1449.8,909.82
50539,239,Aditi Chopra,Female,Chennai,Tamil Nadu,Regular,2024-05-12,2024-05-15,Wallet,Delivered,1030,Comics,Books,Global,1,2869.89,2348.12,0.0,2869.89,0.0,2869.89,2348.12,521.77
50083,92,Riya Joshi,Male,Delhi,Delhi,New,2026-02-20,2026-02-26,UPI,Delivered,1028,Exam Guide,Books,Global,2,847.54,716.34,0.0,1695.08,0.0,1695.08,1432.68,262.4
50458,73,Rohan Joshi,Male,Hyderabad,Telangana,New,2024-01-14,2024-01-18,Cash,Delivered,1018,Watch,Fashion,National,1,2767.2,2038.19,0.05,2767.2,138.36,2628.84,2038.19,590.65
51138,241,Priya Mehta,Female,Bengaluru,Karnataka,Premium,2026-04-11,2026-04-17,upi,Delivered,1026,Programming Book,Books,Local,1,903.16,551.63,0.15,903.16,135.47,767.69,551.63,216.06
50615,232,Arjun Khan,Female,Chennai,Tamil Nadu,New,2025-02-23,2025-02-25,Net Banking,Delivered,1027,Data Science Book,Books,Local,1,276.54,194.56,0.2,276.54,55.31,221.23,194.56,26.67
51186,214,Simran Chopra,Female,Kolkata,West Bengal,New,2026-01-14,2026-01-19,Debit Card,Delivered,1021,Moisturizer,Beauty,Global,4,2179.97,1276.18,0.15,8719.88,1307.98,7411.9,5104.72,2307.18
51076,91,Dev Chopra,Female,Mumbai,Maharashtra,Regular,2026-01-17,2026-01-18,Credit Card,Delivered,1026,Programming Book,Books,Local,2,903.16,551.63,0.05,1806.32,90.32,1716.0,1103.26,612.74
50737,13,Kriti Mehta,Female,Jaipur,Rajasthan,Regular,2026-03-29,2026-04-05,UPI,Shipped,1036,Sports Bottle,Sports,Global,2,4088.91,2569.4,0.2,8177.82,1635.56,6542.26,5138.8,1403.46
50437,52,Meera Mehta,Female,Bengaluru,Karnataka,Regular,2026-05-31,2026-06-03,Net Banking,Delivered,1026,Programming Book,Books,Local,1,903.16,551.63,0.0,903.16,0.0,903.16,551.63,351.53
50555,220,Dev Verma,Male,Indore,Madhya Pradesh,Regular,2026-04-19,2026-04-21,Net Banking,Delivered,1007,Table Lamp,Home,Local,2,2919.43,1909.82,0.0,5838.86,0.0,5838.86,3819.64,2019.22
51080,274,Aman Sharma,Male,Hyderabad,Telangana,New,2026-04-28,2026-05-03,Wallet,Delivered,1030,Comics,Books,Global,1,2869.89,2348.12,0.0,2869.89,0.0,2869.89,2348.12,521.77
51062,234,Rohan Joshi,Male,Indore,Madhya Pradesh,Premium,2025-04-18,2025-04-21,UPI,Delivered,1004,Power Bank,Electronics,National,1,2950.53,1863.18,0.15,2950.53,442.58,2507.95,1863.18,644.77
50351,110,Neha Patel,Male,Chennai,Tamil Nadu,Regular,2026-04-25,2026-04-29,Wallet,Shipped,1034,Skipping Rope,Sports,Global,3,2452.91,1835.2,0.0,7358.73,0.0,7358.73,5505.6,1853.13
50197,48,Rahul Singh,Male,Jaipur,Rajasthan,Regular,2025-03-11,2025-03-14,Debit Card,Delivered,1021,Moisturizer,Beauty,Global,1,2179.97,1276.18,0.1,2179.97,218.0,1961.97,1276.18,685.79
50465,2,Sanya Singh,Female,Hyderabad,Telangana,Premium,2025-02-01,2025-02-07,upi,Delivered,1012,Wall Clock,Home,Local,3,431.0,282.38,0.05,1293.0,64.65,1228.35,847.14,381.21
50589,186,Ananya Agarwal,Female,Lucknow,Uttar Pradesh,Regular,2024-02-03,2024-02-05,Debit Card,Delivered,1006,Mouse,Electronics,Local,1,969.37,755.17,0.1,969.37,96.94,872.43,755.17,117.26
50006,117,Dev Khan,Male,Bengaluru,Karnataka,Regular,2024-08-08,2024-08-15,Cash,Delivered,1005,Keyboard,Electronics,National,1,494.6,310.77,0.05,494.6,24.73,469.87,310.77,159.1
50311,76,Kabir Jain,Male,Chennai,Tamil Nadu,Premium,2026-06-15,2026-06-20,Net Banking,Delivered,1001,Wireless Earbuds,Electronics,Global,1,2096.32,1217.44,0.05,2096.32,104.82,1991.5,1217.44,774.06
50662,44,Aman Agarwal,Male,Lucknow,Uttar Pradesh,Regular,2024-05-07,2024-05-10,UPI,Delivered,1010,Water Bottle,Home,Global,1,2359.62,1449.8,0.1,2359.62,235.96,2123.66,1449.8,673.86
50405,129,Neha Verma,Other,Bengaluru,Karnataka,Regular,2024-02-11,2024-02-16,Credit Card,Delivered,1016,Sneakers,Fashion,Global,1,3204.04,2097.3,0.0,3204.04,0.0,3204.04,2097.3,1106.74
51196,142,Vivaan Singh,Female,Bengaluru,Karnataka,Regular,2026-05-18,2026-05-25,Wallet,Returned,1003,Bluetooth Speaker,Electronics,Local,1,721.29,594.58,0.0,721.29,0.0,721.29,594.58,126.71
51044,70,Nisha Chopra,Male,Kolkata,West Bengal,Premium,2024-04-24,2024-04-29,Wallet,Delivered,1015,Hoodie,Fashion,Global,2,256.42,195.5,0.1,512.84,51.28,461.56,391.0,70.56
51058,210,Meera Khan,Female,Jaipur,Rajasthan,Regular,2025-03-19,2025-03-23,UPI,Delivered,1011,Cushion Set,Home,Local,4,2158.18,1240.02,0.0,8632.72,0.0,8632.72,4960.08,3672.64
50105,255,Priya Joshi,Male,Hyderabad,Telangana,Regular,2025-10-22,2025-10-23,Cash,Delivered,1003,Bluetooth Speaker,Electronics,Local,1,721.29,594.58,0.1,721.29,72.13,649.16,594.58,54.58
50537,226,Advik Mehta,Male,Delhi,Delhi,Regular,2025-04-08,2025-04-14,UPI,Delivered,1011,Cushion Set,Home,Local,1,2158.18,1240.02,0.0,2158.18,0.0,2158.18,1240.02,918.16
50606,263,Aarav Verma,Male,Lucknow,Uttar Pradesh,New,2025-05-30,2025-06-04,Cash,Delivered,1016,Sneakers,Fashion,Global,1,3204.04,2097.3,0.0,3204.04,0.0,3204.04,2097.3,1106.74
50063,20,Vivaan Sharma,Male,Indore,Madhya Pradesh,Regular,2024-09-29,2024-10-06,Cash,Delivered,1029,Biography,Books,Global,1,1136.3,716.7,0.0,1136.3,0.0,1136.3,716.7,419.6
50282,188,Kabir Gupta,Male,Jaipur,Rajasthan,Premium,2026-05-07,2026-05-10,Wallet,Shipped,1004,Power Bank,Electronics,National,4,2950.53,1863.18,0.2,11802.12,2360.42,9441.7,7452.72,1988.98
51056,269,Arjun Joshi,Female,Chandigarh,Chandigarh,Regular,2024-01-03,2024-01-10,Wallet,Delivered,1006,Mouse,Electronics,Local,1,969.37,755.17,0.2,969.37,193.87,775.5,755.17,20.33
50239,282,Priya Khan,Male,Hyderabad,Telangana,Regular,2024-10-31,2024-11-05,Credit Card,Delivered,1001,Wireless Earbuds,Electronics,Global,1,2096.32,1217.44,0.1,2096.32,209.63,1886.69,1217.44,669.25
50224,137,Tanya Mehta,Female,Chandigarh,Chandigarh,New,2026-04-29,2026-05-01,Net Banking,Delivered,1002,Smartwatch,Electronics,National,1,3606.11,2372.12,0.0,3606.11,0.0,3606.11,2372.12,1233.99
50146,290,Ishita Mehta,Male,Pune,Maharashtra,Regular,2024-02-14,2024-02-18,Debit Card,Returned,1016,Sneakers,Fashion,Global,2,3204.04,2097.3,0.0,6408.08,0.0,6408.08,4194.6,2213.48
51119,284,Riya Sharma,Female,Chennai,Tamil Nadu,New,2025-04-10,2025-04-14,Net Banking,Delivered,1029,Biography,Books,Global,2,1136.3,716.7,0.15,2272.6,340.89,1931.71,1433.4,498.31
50374,8,Ishita Singh,Male,Hyderabad,Telangana,Regular,2026-02-03,2026-02-08,Cash,Delivered,1027,Data Science Book,Books,Local,1,276.54,194.56,0.0,276.54,0.0,276.54,194.56,81.98
50119,285,Priya Bansal,Male,Lucknow,Uttar Pradesh,Regular,2024-04-14,2024-04-15,Debit Card,Delivered,1011,Cushion Set,Home,Local,1,2158.18,1240.02,0.05,2158.18,107.91,2050.27,1240.02,810.25
50803,242,Ananya Bansal,Female,Jaipur,Rajasthan,Regular,2025-02-11,2025-02-17,Credit Card,Shipped,1007,Table Lamp,Home,Local,1,2919.43,1909.82,0.0,2919.43,0.0,2919.43,1909.82,1009.61
50251,81,Sanya Gupta,Female,Chandigarh,Chandigarh,Regular,2025-12-30,2026-01-05,Cash,Delivered,1026,Programming Book,Books,Local,1,903.16,551.63,0.2,903.16,180.63,722.53,551.63,170.9
51157,198,Ishita Khan,Male,Jaipur,Rajasthan,Premium,2024-04-03,2024-04-05,Net Banking,Delivered,1015,Hoodie,Fashion,Global,2,256.42,195.5,0.0,512.84,0.0,512.84,391.0,121.84
50010,77,Riya Mehta,Other,Bengaluru,Karnataka,New,2025-10-05,2025-10-12,Wallet,Shipped,1011,Cushion Set,Home,Local,1,2158.18,1240.02,0.15,2158.18,323.73,1834.45,1240.02,594.43
50450,97,Kabir Singh,Female,Ahmedabad,Gujarat,New,2024-06-17,2024-06-22,Debit Card,Delivered,1032,Cricket Bat,Sports,Global,2,2636.49,1926.4,0.2,5272.98,1054.6,4218.38,3852.8,365.58
50874,86,Advik Sharma,Female,Ahmedabad,Gujarat,New,2025-04-20,2025-04-21,Cash,Shipped,1004,Power Bank,Electronics,National,3,2950.53,1863.18,0.0,8851.59,0.0,8851.59,5589.54,3262.05
50390,92,Riya Joshi,Male,Delhi,Delhi,New,2024-06-27,2024-06-29,UPI,Delivered,1032,Cricket Bat,Sports,Global,1,2636.49,1926.4,0.0,2636.49,0.0,2636.49,1926.4,710.09
50966,256,Ishita Patel,Male,Kolkata,West Bengal,Regular,2025-03-31,2025-04-05,UPI,Delivered,1007,Table Lamp,Home,Local,1,2919.43,1909.82,0.0,2919.43,0.0,2919.43,1909.82,1009.61
50461,76,Kabir Jain,Male,Chennai,Tamil Nadu,Premium,2024-06-25,2024-07-02,Debit Card,Delivered,1026,Programming Book,Books,Local,1,903.16,551.63,0.1,903.16,90.32,812.84,551.63,261.21
51147,210,Meera Khan,Female,Jaipur,Rajasthan,Regular,2024-04-25,2024-04-29,Net Banking,Delivered,1023,Sunscreen,Beauty,Local,1,2823.99,1634.38,0.1,2823.99,282.4,2541.59,1634.38,907.21
50145,290,Ishita Mehta,Male,Pune,Maharashtra,Regular,2025-01-18,2025-01-23,Wallet,Delivered,1011,Cushion Set,Home,Local,1,2158.18,1240.02,0.0,2158.18,0.0,2158.18,1240.02,918.16
50502,168,Nisha Bansal,Female,Chennai,Tamil Nadu,Regular,2025-07-13,2025-07-18,Credit Card,Delivered,1024,Hair Serum,Beauty,Local,1,1678.65,1257.73,0.0,1678.65,0.0,1678.65,1257.73,420.92
51108,234,Rohan Joshi,Male,Indore,Madhya Pradesh,Premium,2024-05-20,2024-05-22,Debit Card,Returned,1036,Sports Bottle,Sports,Global,2,4088.91,2569.4,0.0,8177.82,0.0,8177.82,5138.8,3039.02
50540,176,Vivaan Gupta,Male,Mumbai,Maharashtra,Regular,2024-10-26,2024-11-01,UPI,Delivered,1016,Sneakers,Fashion,Global,1,3204.04,2097.3,0.0,3204.04,0.0,3204.04,2097.3,1106.74
50178,90,Ananya Bansal,Male,Bengaluru,Karnataka,Regular,2025-03-21,2025-03-23,Debit Card,Delivered,1025,Novel,Books,Local,3,3152.83,1822.24,0.0,9458.49,0.0,9458.49,5466.72,3991.77
51159,36,Simran Jain,Male,Jaipur,Rajasthan,Regular,2026-04-11,2026-04-15,UPI,Delivered,1013,T-Shirt,Fashion,Local,1,1702.87,1433.92,,1702.87,0.0,1702.87,1433.92,268.95
51051,110,Neha Patel,Male,Chennai,Tamil Nadu,Regular,2024-07-28,2024-08-04,UPI,Delivered,1027,Data Science Book,Books,Local,4,276.54,194.56,0.1,1106.16,110.62,995.54,778.24,217.3
50584,269,Arjun Joshi,Female,Chandigarh,Chandigarh,Regular,2025-02-15,2025-02-22,UPI,Delivered,1018,Watch,Fashion,National,1,2767.2,2038.19,0.1,2767.2,276.72,2490.48,2038.19,452.29
51195,266,Kabir Joshi,Female,Hyderabad,Telangana,Premium,2026-01-03,2026-01-10,Wallet,Delivered,1013,T-Shirt,Fashion,Local,1,1702.87,1433.92,0.05,1702.87,85.14,1617.73,1433.92,183.81
50008,281,Kriti Mehta,Male,Ahmedabad,Gujarat,Regular,2026-03-14,,Cash,Cancelled,1021,Moisturizer,Beauty,Global,1,2179.97,1276.18,0.0,2179.97,0.0,2179.97,1276.18,903.79
50574,137,Tanya Mehta,Female,Chandigarh,Chandigarh,New,2024-08-21,2024-08-22,Wallet,Delivered,1003,Bluetooth Speaker,Electronics,Local,1,721.29,594.58,0.0,721.29,0.0,721.29,594.58,126.71
50843,226,Advik Mehta,Male,Delhi,Delhi,Regular,2025-11-09,2025-11-10,Wallet,Delivered,1035,Dumbbells,Sports,National,2,1867.02,1495.81,0.2,3734.04,746.81,2987.23,2991.62,-4.39
50358,219,Manav Khan,Female,Indore,Madhya Pradesh,Regular,2025-08-23,2025-08-29,UPI,Delivered,1020,Shampoo,Beauty,National,1,4724.9,2913.32,0.0,4724.9,0.0,4724.9,2913.32,1811.58
50330,64,Yash Bansal,Female,Chennai,Tamil Nadu,New,2024-09-14,,Credit Card,Cancelled,1018,Watch,Fashion,National,1,2767.2,2038.19,0.0,2767.2,0.0,2767.2,2038.19,729.01
50705,65,Ananya Agarwal,Female,Ahmedabad,Gujarat,Regular,2026-02-21,2026-02-22,Net Banking,Delivered,1020,Shampoo,Beauty,National,2,4724.9,2913.32,0.2,9449.8,1889.96,7559.84,5826.64,1733.2
50830,189,Simran Agarwal,Male,Bengaluru,Karnataka,Regular,2026-04-24,2026-04-26,Cash,Delivered,1019,Face Wash,Beauty,Local,1,1116.61,742.63,0.0,1116.61,0.0,1116.61,742.63,373.98
50259,291,Kabir Mehta,Male,Ahmedabad,Gujarat,Regular,2025-08-20,2025-08-27,Wallet,Delivered,1024,Hair Serum,Beauty,Local,1,1678.65,1257.73,0.1,1678.65,167.86,1510.79,1257.73,253.06
50891,175,Aman Joshi,Male,Ahmedabad,Gujarat,Regular,2025-11-25,2025-12-02,Debit Card,Delivered,1019,Face Wash,Beauty,Local,1,1116.61,742.63,0.0,1116.61,0.0,1116.61,742.63,373.98
50834,249,Manav Chopra,Female,Ahmedabad,Gujarat,Regular,2025-08-10,2025-08-11,UPI,Delivered,1028,Exam Guide,Books,Global,1,847.54,716.34,0.05,847.54,42.38,805.16,716.34,88.82
51188,280,Vivaan Verma,Female,Hyderabad,Telangana,New,2024-05-31,2024-06-03,UPI,Delivered,1034,Skipping Rope,Sports,Global,1,2452.91,1835.2,0.15,2452.91,367.94,2084.97,1835.2,249.77
50905,265,Tanya Khan,Male,Indore,Madhya Pradesh,Regular,2025-10-08,2025-10-12,Wallet,Shipped,1011,Cushion Set,Home,Local,1,2158.18,1240.02,0.15,2158.18,323.73,1834.45,1240.02,594.43
50526,146,Meera Bansal,Other,Pune,Maharashtra,Regular,2025-03-25,2025-03-29,Wallet,Delivered,1017,Backpack,Fashion,National,1,903.6,644.09,0.1,903.6,90.36,813.24,644.09,169.15
50814,33,Ananya Singh,Male,Jaipur,Rajasthan,New,2025-09-14,2025-09-20,UPI,Delivered,1016,Sneakers,Fashion,Global,2,3204.04,2097.3,0.15,6408.08,961.21,5446.87,4194.6,1252.27
50732,66,Arjun Verma,Male,Delhi,Delhi,Regular,2025-10-23,2025-10-24,UPI,Delivered,1009,Storage Box,Home,Global,2,1556.03,1289.6,0.0,3112.06,0.0,3112.06,2579.2,532.86
51032,151,Nisha Verma,Female,Pune,Maharashtra,Regular,2024-06-24,2024-06-28,Debit Card,Delivered,1006,Mouse,Electronics,Local,1,969.37,755.17,0.0,969.37,0.0,969.37,755.17,214.2
51141,229,Priya Patel,Female,Chennai,Tamil Nadu,Regular,2024-10-02,2024-10-09,Credit Card,Delivered,1034,Skipping Rope,Sports,Global,3,2452.91,1835.2,0.05,7358.73,367.94,6990.79,5505.6,1485.19
50441,122,Tanya Verma,Female,Kolkata,West Bengal,Regular,2024-09-29,2024-10-02,UPI,Delivered,1015,Hoodie,Fashion,Global,2,256.42,195.5,0.0,512.84,0.0,512.84,391.0,121.84
50532,232,Arjun Khan,Female,Chennai,Tamil Nadu,New,2024-08-28,2024-08-31,UPI,Delivered,1002,Smartwatch,Electronics,National,1,3606.11,2372.12,0.0,3606.11,0.0,3606.11,2372.12,1233.99
50960,300,Aarav Singh,Female,Ahmedabad,Gujarat,Regular,2025-11-12,2025-11-15,Cash,Delivered,1002,Smartwatch,Electronics,National,1,3606.11,2372.12,0.05,3606.11,180.31,3425.8,2372.12,1053.68
50229,283,Tanya Bansal,Female,Kolkata,West Bengal,New,2024-11-07,2024-11-12,UPI,Delivered,1021,Moisturizer,Beauty,Global,2,2179.97,1276.18,0.0,4359.94,0.0,4359.94,2552.36,1807.58
51041,72,Karan Joshi,Female,Pune,Maharashtra,New,2024-09-04,2024-09-09,Credit Card,Delivered,1002,Smartwatch,Electronics,National,2,3606.11,2372.12,0.0,7212.22,0.0,7212.22,4744.24,2467.98
50213,148,Rahul Mehta,Female,Indore,Madhya Pradesh,Premium,2024-04-17,2024-04-24,Debit Card,Delivered,1002,Smartwatch,Electronics,National,1,3606.11,2372.12,0.0,3606.11,0.0,3606.11,2372.12,1233.99
50080,5,Sanya Joshi,Female,Ahmedabad,Gujarat,Regular,2025-05-28,2025-06-04,UPI,Delivered,1002,Smartwatch,Electronics,National,1,3606.11,2372.12,0.15,3606.11,540.92,3065.19,2372.12,693.07
50149,269,Arjun Joshi,Female,Chandigarh,Chandigarh,Regular,2025-06-16,2025-06-22,Debit Card,Delivered,1025,Novel,Books,Local,1,3152.83,1822.24,0.15,3152.83,472.92,2679.91,1822.24,857.67
50592,139,Aman Chopra,Female,Chennai ,Tamil Nadu,Regular,2025-05-17,2025-05-18,Net Banking,Delivered,1035,Dumbbells,Sports,National,1,1867.02,1495.81,0.0,1867.02,0.0,1867.02,1495.81,371.21
50708,99,Nisha Verma,Female,Jaipur,Rajasthan,Regular,2024-11-12,2024-11-17,UPI,Delivered,1009,Storage Box,Home,Global,1,1556.03,1289.6,0.0,1556.03,0.0,1556.03,1289.6,266.43
50590,103,Neha Singh,Male,Hyderabad,Telangana,New,2024-11-24,2024-11-27,Net Banking,Delivered,1003,Bluetooth Speaker,Electronics,Local,1,721.29,594.58,0.1,721.29,72.13,649.16,594.58,54.58
50134,104,Yash Gupta,Male,Delhi,Delhi,Regular,2024-08-01,2024-08-02,Credit Card,Delivered,1019,Face Wash,Beauty,Local,1,1116.61,742.63,0.0,1116.61,0.0,1116.61,742.63,373.98
50782,168,Nisha Bansal,Female,Chennai,Tamil Nadu,Regular,2024-06-14,2024-06-16,UPI,Delivered,1013,T-Shirt,Fashion,Local,1,1702.87,1433.92,0.0,1702.87,0.0,1702.87,1433.92,268.95
50409,258,Vivaan Mehta,Female,Delhi,Delhi,Regular,2025-08-27,,Credit Card,Cancelled,1010,Water Bottle,Home,Global,1,2359.62,1449.8,0.0,2359.62,0.0,2359.62,1449.8,909.82
50970,235,Kabir Chopra,Female,Hyderabad,Telangana,New,2025-10-23,2025-10-30,Net Banking,Delivered,1013,T-Shirt,Fashion,Local,1,1702.87,1433.92,0.05,1702.87,85.14,1617.73,1433.92,183.81
50508,10,Aman Khan,Male,Kolkata,West Bengal,New,2024-12-23,2024-12-28,Debit Card,Delivered,1021,Moisturizer,Beauty,Global,1,2179.97,1276.18,0.1,2179.97,218.0,1961.97,1276.18,685.79
50877,93,Sanya Mehta,Male,Hyderabad,Telangana,Premium,2025-11-27,2025-11-30,UPI,Delivered,1009,Storage Box,Home,Global,2,1556.03,1289.6,0.15,3112.06,466.81,2645.25,2579.2,66.05
50505,246,Aditi Gupta,Male,Pune,Maharashtra,New,2024-03-24,2024-03-29,Cash,Delivered,1016,Sneakers,Fashion,Global,1,3204.04,2097.3,0.0,3204.04,0.0,3204.04,2097.3,1106.74
50719,138,Neha Joshi,Male,Delhi,Delhi,New,2026-04-22,,Cash,Cancelled,1017,Backpack,Fashion,National,1,903.6,644.09,0.05,903.6,45.18,858.42,644.09,214.33
50348,41,Meera Joshi,Female,Pune,Maharashtra,Regular,2024-12-01,2024-12-02,credit card,Delivered,1025,Novel,Books,Local,3,3152.83,1822.24,0.0,9458.49,0.0,9458.49,5466.72,3991.77
50387,15,Manav Bansal,Female,Jaipur,Rajasthan,Regular,2026-04-18,2026-04-21,UPI,Delivered,1022,Perfume,Beauty,Global,1,3417.35,2777.34,0.1,3417.35,341.74,3075.61,2777.34,298.27
50001,220,Dev Verma,Male,Indore,Madhya Pradesh,Regular,2025-12-04,2025-12-09,UPI,Delivered,1033,Football,Sports,Global,1,1414.92,1036.3,0.15,1414.92,212.24,1202.68,1036.3,166.38
50361,212,Aditi Bansal,Male,Hyderabad,Telangana,New,2025-09-12,2025-09-16,Cash,Delivered,1019,Face Wash,Beauty,Local,2,1116.61,742.63,0.1,2233.22,223.32,2009.9,1485.26,524.64
51134,83,Tanya Joshi,Female,Chennai,Tamil Nadu,New,2024-06-07,2024-06-13,Wallet,Delivered,1017,Backpack,Fashion,National,1,903.6,644.09,0.0,903.6,0.0,903.6,644.09,259.51
50476,139,Aman Chopra,Female,Chennai,Tamil Nadu,Regular,2025-09-27,2025-10-01,Credit Card,Delivered,1021,Moisturizer,Beauty,Global,2,2179.97,1276.18,0.0,4359.94,0.0,4359.94,2552.36,1807.58
50778,237,Meera Gupta,Female,Pune,Maharashtra,Regular,2026-01-08,2026-01-15,Wallet,Delivered,1021,Moisturizer,Beauty,Global,1,2179.97,1276.18,0.0,2179.97,0.0,2179.97,1276.18,903.79
50754,288,Riya Mehta,Female,Chandigarh,Chandigarh,Premium,2025-03-11,2025-03-14,Cash,Delivered,1031,Yoga Mat,Sports,Local,1,3412.53,2005.57,0.15,3412.53,511.88,2900.65,2005.57,895.08
50173,102,Pooja Sharma,Female,Hyderabad,Telangana,Regular,2024-08-03,2024-08-08,UPI,Delivered,1031,Yoga Mat,Sports,Local,2,3412.53,2005.57,0.0,6825.06,0.0,6825.06,4011.14,2813.92
50451,270,Sanya Joshi,Male,Mumbai,Maharashtra,Regular,2024-06-28,2024-07-02,Credit Card,Delivered,1007,Table Lamp,Home,Local,2,2919.43,1909.82,0.1,5838.86,583.89,5254.97,3819.64,1435.33
50126,275,Manav Verma,Male,Ahmedabad,Gujarat,Premium,2025-10-30,2025-11-02,Credit Card,Delivered,1028,Exam Guide,Books,Global,1,847.54,716.34,0.0,847.54,0.0,847.54,716.34,131.2
50931,93,Sanya Mehta,Male,Hyderabad,Telangana,Premium,2025-12-30,2026-01-06,Credit Card,Delivered,1029,Biography,Books,Global,1,1136.3,716.7,0.0,1136.3,0.0,1136.3,716.7,419.6
50531,291,Kabir Mehta,Male,Ahmedabad,Gujarat,Regular,2025-04-23,2025-04-24,UPI,Delivered,1013,T-Shirt,Fashion,Local,2,1702.87,1433.92,0.15,3405.74,510.86,2894.88,2867.84,27.04
50091,154,Pooja Sharma,Female,Chennai,Tamil Nadu,Regular,2025-01-16,2025-01-19,Debit Card,Delivered,1028,Exam Guide,Books,Global,2,847.54,716.34,0.15,1695.08,254.26,1440.82,1432.68,8.14
51162,49,Kriti Agarwal,Male,Ahmedabad,Gujarat,Premium,2025-02-25,2025-03-02,Credit Card,Delivered,1030,Comics,Books,Global,3,2869.89,2348.12,0.1,8609.67,860.97,7748.7,7044.36,704.34
50182,156,Tanya Chopra,Male,Lucknow,Uttar Pradesh,Premium,2024-09-11,2024-09-14,Credit Card,Delivered,1002,Smartwatch,Electronics,National,1,3606.11,2372.12,0.15,3606.11,540.92,3065.19,2372.12,693.07
51027,284,Riya Sharma,Female,Chennai,Tamil Nadu,New,2025-01-11,2025-01-13,Debit Card,Shipped,1012,Wall Clock,Home,Local,1,431.0,282.38,0.0,431.0,0.0,431.0,282.38,148.62
51000,132,Dev Sharma,Male,Pune,Maharashtra,Premium,2026-05-04,2026-05-09,Cash,Delivered,1021,Moisturizer,Beauty,Global,2,2179.97,1276.18,0.0,4359.94,0.0,4359.94,2552.36,1807.58
50252,294,Manav Bansal,Male,Delhi,Delhi,Regular,2025-05-19,2025-05-23,Wallet,Delivered,1003,Bluetooth Speaker,Electronics,Local,1,721.29,594.58,0.0,721.29,0.0,721.29,594.58,126.71
50070,35,Tanya Mehta,Other,Mumbai,Maharashtra,Regular,2024-10-28,2024-11-02,Net Banking,Delivered,1029,Biography,Books,Global,1,1136.3,716.7,0.05,1136.3,56.82,1079.48,716.7,362.78
50132,42,Advik Chopra,Male,Mumbai,Maharashtra,Regular,2024-12-19,2024-12-26,Debit Card,Delivered,1021,Moisturizer,Beauty,Global,1,2179.97,1276.18,0.0,2179.97,0.0,2179.97,1276.18,903.79
50301,67,Riya Chopra,Female,Jaipur,Rajasthan,Premium,2024-09-06,2024-09-09,Wallet,Delivered,1009,Storage Box,Home,Global,2,1556.03,1289.6,0.1,3112.06,311.21,2800.85,2579.2,221.65
51133,273,Ishita Bansal,Male,Mumbai,Maharashtra,Premium,2024-01-14,2024-01-17,Credit Card,Shipped,1032,Cricket Bat,Sports,Global,1,2636.49,1926.4,0.0,2636.49,0.0,2636.49,1926.4,710.09
50327,279,Arjun Gupta,Female,Chennai,Tamil Nadu,Regular,2025-12-14,2025-12-21,Net Banking,Delivered,1023,Sunscreen,Beauty,Local,1,2823.99,1634.38,0.0,2823.99,0.0,2823.99,1634.38,1189.61
51020,95,Tanya Sharma,Male,Delhi,Delhi,Regular,2025-03-21,2025-03-23,Net Banking,Delivered,1002,Smartwatch,Electronics,National,1,3606.11,2372.12,0.05,3606.11,180.31,3425.8,2372.12,1053.68
50500,273,Ishita Bansal,Male,Mumbai,Maharashtra,Premium,2025-01-02,2025-01-03,Debit Card,Returned,1026,Programming Book,Books,Local,1,903.16,551.63,0.1,903.16,90.32,812.84,551.63,261.21
50666,164,Kabir Mehta,Male,Chennai,Tamil Nadu,Regular,2026-02-27,2026-02-28,UPI,Delivered,1007,Table Lamp,Home,Local,1,2919.43,1909.82,0.1,2919.43,291.94,2627.49,1909.82,717.67
50919,281,Kriti Mehta,Male,Ahmedabad,Gujarat,Regular,2024-12-29,2025-01-01,Net Banking,Delivered,1006,Mouse,Electronics,Local,3,969.37,755.17,0.1,2908.11,290.81,2617.3,2265.51,351.79
50496,171,Nisha Verma,Male,Jaipur,Rajasthan,New,2025-01-11,2025-01-15,Net Banking,Delivered,1029,Biography,Books,Global,1,1136.3,716.7,0.0,1136.3,0.0,1136.3,716.7,419.6
50339,239,Aditi Chopra,Female,Chennai,Tamil Nadu,Regular,2024-11-30,2024-12-06,UPI,Shipped,1032,Cricket Bat,Sports,Global,2,2636.49,1926.4,0.0,5272.98,0.0,5272.98,3852.8,1420.18
50964,165,Aman Agarwal,Male,Chandigarh,Chandigarh,Regular,2025-01-02,2025-01-06,UPI,Delivered,1024,Hair Serum,Beauty,Local,2,1678.65,1257.73,0.0,3357.3,0.0,3357.3,2515.46,841.84
50165,230,Kabir Mehta,Male,Chandigarh,Chandigarh,Regular,2026-04-12,2026-04-15,Cash,Delivered,1016,Sneakers,Fashion,Global,2,3204.04,2097.3,0.05,6408.08,320.4,6087.68,4194.6,1893.08
50029,158,Simran Agarwal,Male,Pune,Maharashtra,Regular,2024-08-03,2024-08-10,Wallet,Delivered,1006,Mouse,Electronics,Local,1,969.37,755.17,0.0,969.37,0.0,969.37,755.17,214.2
50517,251,Kabir Gupta,Male,Mumbai,Maharashtra,Premium,2024-03-21,2024-03-26,Net Banking,Shipped,1004,Power Bank,Electronics,National,4,2950.53,1863.18,0.15,11802.12,1770.32,10031.8,7452.72,2579.08
50194,30,Nisha Patel,Male,Hyderabad,Telangana,New,2025-12-02,2025-12-06,Debit Card,Delivered,1014,Jeans,Fashion,Local,1,4761.64,2902.05,0.0,4761.64,0.0,4761.64,2902.05,1859.59
51104,210,Meera Khan,Female,Jaipur,Rajasthan,Regular,2024-10-22,2024-10-27,Cash,Delivered,1036,Sports Bottle,Sports,Global,1,4088.91,2569.4,0.0,4088.91,0.0,4088.91,2569.4,1519.51
50170,218,Karan Bansal,Female,Lucknow,Uttar Pradesh,Regular,2025-05-30,2025-06-03,UPI,Returned,1005,Keyboard,Electronics,National,1,494.6,310.77,0.1,494.6,49.46,445.14,310.77,134.37
51059,252,Yash Chopra,Female,Indore,Madhya Pradesh,Regular,2025-01-08,2025-01-12,Wallet,Delivered,1006,Mouse,Electronics,Local,1,969.37,755.17,0.0,969.37,0.0,969.37,755.17,214.2
50174,84,Karan Mehta,Female,Bengaluru,Karnataka,Regular,2026-03-30,2026-04-04,Wallet,Delivered,1033,Football,Sports,Global,3,1414.92,1036.3,0.05,4244.76,212.24,4032.52,3108.9,923.62
50519,203,Riya Patel,Other,Bengaluru,Karnataka,Regular,2025-09-02,2025-09-06,UPI,Delivered,1015,Hoodie,Fashion,Global,1,256.42,195.5,0.0,256.42,0.0,256.42,195.5,60.92
50969,102,Pooja Sharma,Female,Hyderabad,Telangana,Regular,2025-09-23,2025-09-25,Wallet,Delivered,1030,Comics,Books,Global,2,2869.89,2348.12,0.05,5739.78,286.99,5452.79,4696.24,756.55
50702,225,Arjun Patel,Female,Chennai,Tamil Nadu,Regular,2026-03-29,2026-04-02,Net Banking,Delivered,1031,Yoga Mat,Sports,Local,4,3412.53,2005.57,0.05,13650.12,682.51,12967.61,8022.28,4945.33
50492,151,Nisha Verma,Female,Pune,Maharashtra,Regular,2025-09-26,2025-09-30,Net Banking,Delivered,1004,Power Bank,Electronics,National,2,2950.53,1863.18,0.15,5901.06,885.16,5015.9,3726.36,1289.54
50074,106,Kriti Agarwal,Female,Mumbai,Maharashtra,Regular,2025-12-29,2025-12-31,Cash,Delivered,1009,Storage Box,Home,Global,1,1556.03,1289.6,0.0,1556.03,0.0,1556.03,1289.6,266.43
50981,274,Aman Sharma,Male,Hyderabad,Telangana,New,2024-09-10,2024-09-11,Net Banking,Delivered,1010,Water Bottle,Home,Global,3,2359.62,1449.8,0.05,7078.86,353.94,6724.92,4349.4,2375.52
50588,233,Aarav Patel,Female,Chennai,Tamil Nadu,Regular,2025-01-28,2025-01-31,Debit Card,Delivered,1009,Storage Box,Home,Global,1,1556.03,1289.6,0.0,1556.03,0.0,1556.03,1289.6,266.43
50235,115,Priya Joshi,Male,Bengaluru,Karnataka,Regular,2025-11-04,2025-11-07,Cash,Delivered,1011,Cushion Set,Home,Local,1,2158.18,1240.02,0.0,2158.18,0.0,2158.18,1240.02,918.16
50215,154,Pooja Sharma,Female,Chennai,Tamil Nadu,Regular,2024-09-22,2024-09-26,Debit Card,Delivered,1022,Perfume,Beauty,Global,3,3417.35,2777.34,0.0,10252.05,0.0,10252.05,8332.02,1920.03
50947,251,Kabir Gupta,Male,Mumbai,Maharashtra,Premium,2024-11-26,2024-12-03,UPI,Delivered,1017,Backpack,Fashion,National,1,903.6,644.09,0.1,903.6,90.36,813.24,644.09,169.15
50133,92,Riya Joshi,Male,Delhi,Delhi,New,2024-10-06,2024-10-10,Net Banking,Returned,1034,Skipping Rope,Sports,Global,1,2452.91,1835.2,0.0,2452.91,0.0,2452.91,1835.2,617.71
51156,177,Advik Bansal,Female,Pune,Maharashtra,Regular,2024-02-21,2024-02-22,Credit Card,Delivered,1008,Bedsheet,Home,Global,1,1858.88,1381.04,0.05,1858.88,92.94,1765.94,1381.04,384.9
50733,8,Ishita Singh,Male,Hyderabad,Telangana,Regular,2024-09-28,2024-10-02,Net Banking,Delivered,1015,Hoodie,Fashion,Global,1,256.42,195.5,0.1,256.42,25.64,230.78,195.5,35.28
50941,240,Meera Agarwal,Female,Kolkata,West Bengal,Regular,2024-05-22,2024-05-24,Debit Card,Returned,1021,Moisturizer,Beauty,Global,1,2179.97,1276.18,0.2,2179.97,435.99,1743.98,1276.18,467.8
50186,58,Rohan Jain,Male,Delhi,Delhi,Regular,2024-06-02,,Cash,Cancelled,1023,Sunscreen,Beauty,Local,1,2823.99,1634.38,0.0,2823.99,0.0,2823.99,1634.38,1189.61
50042,232,Arjun Khan,Female,Chennai,Tamil Nadu,New,2024-08-14,2024-08-15,Cash,Delivered,1029,Biography,Books,Global,1,1136.3,716.7,0.1,1136.3,113.63,1022.67,716.7,305.97
50109,194,Tanya Bansal,Female,Hyderabad,Telangana,Regular,2024-06-10,2024-06-12,UPI,Delivered,1001,Wireless Earbuds,Electronics,Global,1,2096.32,1217.44,0.0,2096.32,0.0,2096.32,1217.44,878.88
50849,127,Neha Khan,Female,Hyderabad,Telangana,Regular,2025-04-01,2025-04-07,Debit Card,Delivered,1007,Table Lamp,Home,Local,3,2919.43,1909.82,0.15,8758.29,1313.74,7444.55,5729.46,1715.09
50569,12,Manav Sharma,Female,Indore,Madhya Pradesh,Regular,2026-05-16,2026-05-17,Credit Card,Delivered,1032,Cricket Bat,Sports,Global,3,2636.49,1926.4,0.0,7909.47,0.0,7909.47,5779.2,2130.27
50651,153,Advik Bansal,Female,Chandigarh,Chandigarh,Regular,2024-11-28,2024-12-03,Net Banking,Delivered,1031,Yoga Mat,Sports,Local,3,3412.53,2005.57,0.0,10237.59,0.0,10237.59,6016.71,4220.88
51001,79,Ananya Patel,Male,Chandigarh,Chandigarh,Regular,2025-04-04,2025-04-08,UPI,Delivered,1015,Hoodie,Fashion,Global,1,256.42,195.5,0.0,256.42,0.0,256.42,195.5,60.92
51166,106,Kriti Agarwal,Female,Mumbai,Maharashtra,Regular,2026-03-22,2026-03-25,Debit Card,Delivered,1006,Mouse,Electronics,Local,1,969.37,755.17,0.0,969.37,0.0,969.37,755.17,214.2
50484,177,Advik Bansal,Female,Pune,Maharashtra,Regular,2024-05-18,2024-05-20,Credit Card,Shipped,1036,Sports Bottle,Sports,Global,1,4088.91,2569.4,0.0,4088.91,0.0,4088.91,2569.4,1519.51
50469,192,Aditi Chopra,Female,Bengaluru,Karnataka,Regular,2024-12-21,2024-12-24,Cash,Delivered,1030,Comics,Books,Global,1,2869.89,2348.12,0.0,2869.89,0.0,2869.89,2348.12,521.77
50025,248,Dev Patel,Male,Indore,Madhya Pradesh,New,2024-12-29,2024-12-30,Wallet,Delivered,1021,Moisturizer,Beauty,Global,1,2179.97,1276.18,0.0,2179.97,0.0,2179.97,1276.18,903.79
50661,113,Simran Patel,Female,Jaipur,Rajasthan,Regular,2024-11-13,2024-11-14,Wallet,Delivered,1025,Novel,Books,Local,2,3152.83,1822.24,0.0,6305.66,0.0,6305.66,3644.48,2661.18
50680,48,Rahul Singh,Male,Jaipur,Rajasthan,Regular,2025-12-03,2025-12-10,Cash,Delivered,1029,Biography,Books,Global,3,1136.3,716.7,0.0,3408.9,0.0,3408.9,2150.1,1258.8
50753,277,Simran Gupta,Female,Pune,Maharashtra,Premium,2026-04-11,2026-04-17,Credit Card,Delivered,1032,Cricket Bat,Sports,Global,1,2636.49,1926.4,0.1,2636.49,263.65,2372.84,1926.4,446.44
50994,22,Dev Chopra,Male,Jaipur,Rajasthan,New,2024-12-08,2024-12-09,Debit Card,Delivered,1022,Perfume,Beauty,Global,2,3417.35,2777.34,0.2,6834.7,1366.94,5467.76,5554.68,-86.92
50367,51,Aditi Patel,Female,Kolkata,West Bengal,Regular,2025-09-20,2025-09-26,Net Banking,Delivered,1024,Hair Serum,Beauty,Local,3,1678.65,1257.73,0.2,5035.95,1007.19,4028.76,3773.19,255.57
50840,254,Karan Mehta,Female,Chennai,Tamil Nadu,Regular,2025-04-25,2025-04-29,Net Banking,Delivered,1013,T-Shirt,Fashion,Local,1,1702.87,1433.92,0.0,1702.87,0.0,1702.87,1433.92,268.95
51053,87,Pooja Bansal,Female,Chandigarh,Chandigarh,New,2025-11-27,2025-11-30,Wallet,Delivered,1027,Data Science Book,Books,Local,1,276.54,194.56,0.0,276.54,0.0,276.54,194.56,81.98
50384,42,Advik Chopra,Male,Mumbai,Maharashtra,Regular,2024-02-22,2024-02-24,Credit Card,Delivered,1015,Hoodie,Fashion,Global,1,256.42,195.5,0.0,256.42,0.0,256.42,195.5,60.92
50455,166,Dev Joshi,Female,Jaipur,Rajasthan,Regular,2024-02-10,2024-02-11,Wallet,Delivered,1033,Football,Sports,Global,1,1414.92,1036.3,,1414.92,0.0,1414.92,1036.3,378.62
50265,182,Aditi Mehta,Male,Chandigarh,Chandigarh,Premium,2025-04-02,2025-04-08,UPI,Delivered,1007,Table Lamp,Home,Local,1,2919.43,1909.82,0.0,2919.43,0.0,2919.43,1909.82,1009.61
50761,177,Advik Bansal,Female,Pune,Maharashtra,Regular,2024-06-17,2024-06-19,Net Banking,Delivered,1031,Yoga Mat,Sports,Local,1,3412.53,2005.57,0.0,3412.53,0.0,3412.53,2005.57,1406.96
50980,141,Ananya Joshi,Male,Lucknow,Uttar Pradesh,Regular,2025-02-21,2025-02-23,Net Banking,Delivered,1025,Novel,Books,Local,1,3152.83,1822.24,0.0,3152.83,0.0,3152.83,1822.24,1330.59
50445,108,Aditi Patel,Male,Ahmedabad,Gujarat,Regular,2026-04-26,2026-04-28,Net Banking,Shipped,1004,Power Bank,Electronics,National,2,2950.53,1863.18,0.0,5901.06,0.0,5901.06,3726.36,2174.7
50396,126,Simran Patel,Male,Ahmedabad,Gujarat,Regular,2024-12-08,2024-12-12,Wallet,Delivered,1016,Sneakers,Fashion,Global,1,3204.04,2097.3,0.1,3204.04,320.4,2883.64,2097.3,786.34
50742,14,Karan Agarwal,Male,Bengaluru,Karnataka,Regular,2024-09-13,2024-09-18,UPI,Delivered,1016,Sneakers,Fashion,Global,1,3204.04,2097.3,0.0,3204.04,0.0,3204.04,2097.3,1106.74
50177,50,Ishita Chopra,Male,Ahmedabad,Gujarat,Regular,2025-06-06,2025-06-09,Cash,Delivered,1006,Mouse,Electronics,Local,1,969.37,755.17,0.1,969.37,96.94,872.43,755.17,117.26
50019,232,Arjun Khan,Female,Chennai,Tamil Nadu,New,2026-01-10,2026-01-14,Debit Card,Shipped,1009,Storage Box,Home,Global,1,1556.03,1289.6,0.0,1556.03,0.0,1556.03,1289.6,266.43
50949,148,Rahul Mehta,Female,Indore,Madhya Pradesh,Premium,2025-09-08,2025-09-14,Net Banking,Delivered,1001,Wireless Earbuds,Electronics,Global,1,2096.32,1217.44,0.15,2096.32,314.45,1781.87,1217.44,564.43
50815,235,Kabir Chopra,Female,Hyderabad,Telangana,New,2025-03-12,2025-03-16,UPI,Delivered,1032,Cricket Bat,Sports,Global,1,2636.49,1926.4,0.0,2636.49,0.0,2636.49,1926.4,710.09
50596,28,Ananya Sharma,Male,Ahmedabad,Gujarat,Regular,2025-03-04,2025-03-10,Debit Card,Delivered,1003,Bluetooth Speaker,Electronics,Local,2,721.29,594.58,0.1,1442.58,144.26,1298.32,1189.16,109.16
50062,227,Ishita Singh,Female,Kolkata,West Bengal,Premium,2024-06-02,2024-06-07,Net Banking,Delivered,1021,Moisturizer,Beauty,Global,1,2179.97,1276.18,0.0,2179.97,0.0,2179.97,1276.18,903.79
50273,98,Rahul Singh,Male,Jaipur,Rajasthan,Regular,2024-03-11,2024-03-18,Credit Card,Delivered,1020,Shampoo,Beauty,National,1,4724.9,2913.32,0.2,4724.9,944.98,3779.92,2913.32,866.6
51126,269,Arjun Joshi,Female,Chandigarh,Chandigarh,Regular,2024-11-30,2024-12-02,Cash,Delivered,1034,Skipping Rope,Sports,Global,1,2452.91,1835.2,0.0,2452.91,0.0,2452.91,1835.2,617.71
50279,106,Kriti Agarwal,Female,Mumbai,Maharashtra,Regular,2024-09-27,2024-10-02,Net Banking,Delivered,1017,Backpack,Fashion,National,2,903.6,644.09,,1807.2,0.0,1807.2,1288.18,519.02
50842,217,Aarav Mehta,Male,Kolkata,West Bengal,Premium,2025-07-21,2025-07-23,Debit Card,Delivered,1002,Smartwatch,Electronics,National,3,3606.11,2372.12,0.15,10818.33,1622.75,9195.58,7116.36,2079.22
50369,279,Arjun Gupta,Female,Chennai,Tamil Nadu,Regular,2025-05-12,2025-05-18,UPI,Delivered,1026,Programming Book,Books,Local,2,903.16,551.63,0.05,1806.32,90.32,1716.0,1103.26,612.74
50887,89,Vivaan Agarwal,Female,Chandigarh,Chandigarh,Regular,2024-07-05,2024-07-09,Net Banking,Delivered,1004,Power Bank,Electronics,National,1,2950.53,1863.18,0.2,2950.53,590.11,2360.42,1863.18,497.24
51015,121,Pooja Sharma,Male,Hyderabad,Telangana,Regular,2025-09-12,2025-09-15,Credit Card,Delivered,1029,Biography,Books,Global,2,1136.3,716.7,0.0,2272.6,0.0,2272.6,1433.4,839.2
50860,95,Tanya Sharma,Male,Delhi,Delhi,Regular,2026-05-09,2026-05-14,Debit Card,Returned,1007,Table Lamp,Home,Local,1,2919.43,1909.82,0.0,2919.43,0.0,2919.43,1909.82,1009.61
50721,128,Vivaan Mehta,Other,Pune,Maharashtra,Regular,2024-07-28,2024-08-01,Net Banking,Delivered,1019,Face Wash,Beauty,Local,2,1116.61,742.63,0.1,2233.22,223.32,2009.9,1485.26,524.64
50826,296,Simran Sharma,Female,Hyderabad,Telangana,Regular,2025-03-24,2025-03-25,Cash,Delivered,1031,Yoga Mat,Sports,Local,1,3412.53,2005.57,0.05,3412.53,170.63,3241.9,2005.57,1236.33
50548,218,Karan Bansal,Female,Lucknow,Uttar Pradesh,Regular,2025-12-01,2025-12-02,Credit Card,Delivered,1026,Programming Book,Books,Local,1,903.16,551.63,0.0,903.16,0.0,903.16,551.63,351.53
50880,235,Kabir Chopra,Female,Hyderabad,Telangana,New,2026-01-31,2026-02-01,UPI,Delivered,1008,Bedsheet,Home,Global,3,1858.88,1381.04,0.15,5576.64,836.5,4740.14,4143.12,597.02
50900,54,Tanya Verma,Female,Ahmedabad,Gujarat,Premium,2025-02-02,2025-02-06,Net Banking,Delivered,1003,Bluetooth Speaker,Electronics,Local,3,721.29,594.58,0.1,2163.87,216.39,1947.48,1783.74,163.74
50457,183,Manav Sharma,Female,Lucknow,Uttar Pradesh,New,2024-05-31,2024-06-01,UPI,Delivered,1018,Watch,Fashion,National,2,2767.2,2038.19,0.0,5534.4,0.0,5534.4,4076.38,1458.02
50394,275,Manav Verma,Male,Ahmedabad,Gujarat,Premium,2026-04-29,2026-05-03,Cash,Delivered,1028,Exam Guide,Books,Global,2,847.54,716.34,0.0,1695.08,0.0,1695.08,1432.68,262.4
50676,118,Manav Gupta,Male,Lucknow,Uttar Pradesh,Regular,2025-04-29,2025-05-05,Credit Card,Delivered,1020,Shampoo,Beauty,National,1,4724.9,2913.32,0.0,4724.9,0.0,4724.9,2913.32,1811.58
50912,260,Neha Patel,Male,Mumbai,Maharashtra,Regular,2025-08-06,2025-08-09,UPI,Delivered,1021,Moisturizer,Beauty,Global,2,2179.97,1276.18,0.15,4359.94,653.99,3705.95,2552.36,1153.59
50965,172,Rahul Agarwal,Female,Mumbai,Maharashtra,Premium,2025-06-07,2025-06-09,UPI,Delivered,1024,Hair Serum,Beauty,Local,1,1678.65,1257.73,0.0,1678.65,0.0,1678.65,1257.73,420.92
50376,39,Tanya Khan,Male,Jaipur,Rajasthan,Regular,2025-05-03,2025-05-05,Wallet,Shipped,1022,Perfume,Beauty,Global,1,3417.35,2777.34,0.1,3417.35,341.74,3075.61,2777.34,298.27
50413,183,Manav Sharma,Female,Lucknow,Uttar Pradesh,New,2024-07-27,2024-07-30,UPI,Delivered,1013,T-Shirt,Fashion,Local,1,1702.87,1433.92,0.1,1702.87,170.29,1532.58,1433.92,98.66
50075,21,Rahul Singh,Female,Hyderabad,Telangana,New,2024-07-14,2024-07-17,Debit Card,Delivered,1007,Table Lamp,Home,Local,1,2919.43,1909.82,0.0,2919.43,0.0,2919.43,1909.82,1009.61
51122,108,Aditi Patel,Male,Ahmedabad,Gujarat,Regular,2024-09-29,2024-09-30,Credit Card,Delivered,1032,Cricket Bat,Sports,Global,1,2636.49,1926.4,0.0,2636.49,0.0,2636.49,1926.4,710.09
50863,77,Riya Mehta,Other,Bengaluru,Karnataka,New,2025-04-07,2025-04-09,Net Banking,Delivered,1029,Biography,Books,Global,2,1136.3,716.7,0.0,2272.6,0.0,2272.6,1433.4,839.2
50501,59,Dev Khan,Male,Chandigarh,Chandigarh,Regular,2026-04-15,2026-04-22,Credit Card,Delivered,1024,Hair Serum,Beauty,Local,1,1678.65,1257.73,0.1,1678.65,167.86,1510.79,1257.73,253.06
50942,63,Rahul Agarwal,Male,Delhi,Delhi,Premium,2025-12-08,2025-12-15,Net Banking,Delivered,1009,Storage Box,Home,Global,2,1556.03,1289.6,0.15,3112.06,466.81,2645.25,2579.2,66.05
50617,235,Kabir Chopra,Female,Hyderabad,Telangana,New,2026-02-17,2026-02-22,Cash,Delivered,1030,Comics,Books,Global,1,2869.89,2348.12,0.0,2869.89,0.0,2869.89,2348.12,521.77
50115,1,Advik Jain,Female,Indore,Madhya Pradesh,Regular,2024-06-16,2024-06-17,Cash,Delivered,1008,Bedsheet,Home,Global,3,1858.88,1381.04,0.1,5576.64,557.66,5018.98,4143.12,875.86
50418,36,Simran Jain,Male,Jaipur,Rajasthan,Regular,2025-06-01,2025-06-04,Wallet,Delivered,1029,Biography,Books,Global,1,1136.3,716.7,0.0,1136.3,0.0,1136.3,716.7,419.6
50602,94,Priya Sharma,Female,Indore,Madhya Pradesh,Regular,2024-09-17,2024-09-23,Net Banking,Delivered,1003,Bluetooth Speaker,Electronics,Local,1,721.29,594.58,0.2,721.29,144.26,577.03,594.58,-17.55
50605,15,Manav Bansal,Female,Jaipur,Rajasthan,Regular,2026-03-14,2026-03-16,Net Banking,Delivered,1022,Perfume,Beauty,Global,1,3417.35,2777.34,0.1,3417.35,341.74,3075.61,2777.34,298.27
50090,223,Priya Jain,Female,Jaipur,Rajasthan,New,2025-07-24,2025-07-26,Debit Card,Delivered,1005,Keyboard,Electronics,National,1,494.6,310.77,0.05,494.6,24.73,469.87,310.77,159.1
51149,121,Pooja Sharma,Male,Hyderabad,Telangana,Regular,2024-03-18,2024-03-22,UPI,Delivered,1018,Watch,Fashion,National,2,2767.2,2038.19,0.15,5534.4,830.16,4704.24,4076.38,627.86
50499,28,Ananya Sharma,Male,Ahmedabad,Gujarat,Regular,2025-11-12,,Cash,Cancelled,1005,Keyboard,Electronics,National,1,494.6,310.77,0.0,494.6,0.0,494.6,310.77,183.83
50876,66,Arjun Verma,Male,Delhi,Delhi,Regular,2025-09-28,2025-09-30,UPI,Delivered,1022,Perfume,Beauty,Global,1,3417.35,2777.34,0.1,3417.35,341.74,3075.61,2777.34,298.27
50927,142,Vivaan Singh,Female,Bengaluru,Karnataka,Regular,2025-10-09,2025-10-12,UPI,Delivered,1016,Sneakers,Fashion,Global,1,3204.04,2097.3,0.15,3204.04,480.61,2723.43,2097.3,626.13
50999,78,Aman Verma,Female,Jaipur,Rajasthan,Regular,2025-03-10,,Credit Card,Cancelled,1017,Backpack,Fashion,National,1,903.6,644.09,0.1,903.6,90.36,813.24,644.09,169.15
50012,173,Kriti Chopra,Female,Delhi,Delhi,Regular,2024-12-27,2024-12-28,Net Banking,Delivered,1022,Perfume,Beauty,Global,2,3417.35,2777.34,0.15,6834.7,1025.2,5809.5,5554.68,254.82
50397,214,Simran Chopra,Female,Kolkata,West Bengal,New,2024-03-25,2024-04-01,Net Banking,Delivered,1025,Novel,Books,Local,1,3152.83,1822.24,0.0,3152.83,0.0,3152.83,1822.24,1330.59
50755,107,Manav Sharma,Female,Lucknow,Uttar Pradesh,Regular,2025-01-16,2025-01-20,Cash,Delivered,1009,Storage Box,Home,Global,1,1556.03,1289.6,0.1,1556.03,155.6,1400.43,1289.6,110.83
50556,25,Dev Bansal,Male,Jaipur,Rajasthan,Premium,2024-03-13,2024-03-16,UPI,Shipped,1023,Sunscreen,Beauty,Local,1,2823.99,1634.38,0.0,2823.99,0.0,2823.99,1634.38,1189.61
50043,192,Aditi Chopra,Female,Bengaluru,Karnataka,Regular,2024-01-17,2024-01-19,UPI,Delivered,1001,Wireless Earbuds,Electronics,Global,2,2096.32,1217.44,0.0,4192.64,0.0,4192.64,2434.88,1757.76
50168,228,Vivaan Joshi,Female,Ahmedabad,Gujarat,Regular,2025-09-14,2025-09-20,Debit Card,Delivered,1008,Bedsheet,Home,Global,2,1858.88,1381.04,0.1,3717.76,371.78,3345.98,2762.08,583.9
50417,220,Dev Verma,Male,Indore,Madhya Pradesh,Regular,2025-08-14,2025-08-16,Credit Card,Delivered,1017,Backpack,Fashion,National,1,903.6,644.09,0.15,903.6,135.54,768.06,644.09,123.97
50577,69,Sanya Bansal,Male,Mumbai,Maharashtra,New,2024-02-27,2024-03-04,Credit Card,Delivered,1025,Novel,Books,Local,2,3152.83,1822.24,0.05,6305.66,315.28,5990.38,3644.48,2345.9
50268,293,Neha Gupta,Female,Kolkata,West Bengal,Regular,2026-01-11,2026-01-15,Wallet,Delivered,1026,Programming Book,Books,Local,2,903.16,551.63,0.0,1806.32,0.0,1806.32,1103.26,703.06
50808,289,Manav Chopra,Male,Bengaluru,Karnataka,New,2024-01-31,2024-02-06,Cash,Delivered,1011,Cushion Set,Home,Local,3,2158.18,1240.02,0.0,6474.54,0.0,6474.54,3720.06,2754.48
50427,241,Priya Mehta,Female,Bengaluru,Karnataka,Premium,2026-02-19,2026-02-25,Wallet,Returned,1015,Hoodie,Fashion,Global,1,256.42,195.5,0.0,256.42,0.0,256.42,195.5,60.92
50691,208,Meera Sharma,Male,Chennai,Tamil Nadu,Regular,2026-03-02,2026-03-05,Wallet,Delivered,1026,Programming Book,Books,Local,1,903.16,551.63,0.0,903.16,0.0,903.16,551.63,351.53
50545,164,Kabir Mehta,Male,Chennai,Tamil Nadu,Regular,2024-04-20,2024-04-23,UPI,Delivered,1035,Dumbbells,Sports,National,1,1867.02,1495.81,0.0,1867.02,0.0,1867.02,1495.81,371.21
51123,186,Ananya Agarwal,Female,Lucknow,Uttar Pradesh,Regular,2026-05-08,2026-05-12,Cash,Delivered,1034,Skipping Rope,Sports,Global,4,2452.91,1835.2,0.15,9811.64,1471.75,8339.89,7340.8,999.09
50675,145,Vivaan Agarwal,Female,Pune,Maharashtra,Regular,2025-08-20,2025-08-25,Credit Card,Delivered,1022,Perfume,Beauty,Global,1,3417.35,2777.34,0.0,3417.35,0.0,3417.35,2777.34,640.01
50690,278,Meera Agarwal,Female,Mumbai,Maharashtra,Regular,2025-02-07,2025-02-11,Wallet,Delivered,1033,Football,Sports,Global,1,1414.92,1036.3,0.15,1414.92,212.24,1202.68,1036.3,166.38
51055,230,Kabir Mehta,Male,Chandigarh,Chandigarh,Regular,2025-04-04,2025-04-09,UPI,Delivered,1020,Shampoo,Beauty,National,2,4724.9,2913.32,0.0,9449.8,0.0,9449.8,5826.64,3623.16
51177,280,Vivaan Verma,Female,Hyderabad,Telangana,New,2026-01-07,2026-01-13,Net Banking,Delivered,1033,Football,Sports,Global,1,1414.92,1036.3,0.05,1414.92,70.75,1344.17,1036.3,307.87
51033,240,Meera Agarwal,Female,Kolkata,West Bengal,Regular,2026-05-31,2026-06-05,Debit Card,Delivered,1022,Perfume,Beauty,Global,1,3417.35,2777.34,0.0,3417.35,0.0,3417.35,2777.34,640.01
51035,30,Nisha Patel,Male,Hyderabad,Telangana,New,2024-04-24,2024-04-29,Wallet,Delivered,1019,Face Wash,Beauty,Local,4,1116.61,742.63,0.0,4466.44,0.0,4466.44,2970.52,1495.92
50258,143,Pooja Sharma,Male,Jaipur,Rajasthan,New,2025-02-03,2025-02-06,UPI,Delivered,1035,Dumbbells,Sports,National,1,1867.02,1495.81,0.0,1867.02,0.0,1867.02,1495.81,371.21
50336,106,Kriti Agarwal,Female,Mumbai,Maharashtra,Regular,2024-01-21,2024-01-27,Debit Card,Delivered,1029,Biography,Books,Global,1,1136.3,716.7,0.0,1136.3,0.0,1136.3,716.7,419.6
50016,143,Pooja Sharma,Male,Jaipur,Rajasthan,New,2025-02-22,2025-02-23,Debit Card,Delivered,1010,Water Bottle,Home,Global,1,2359.62,1449.8,0.1,2359.62,235.96,2123.66,1449.8,673.86
50902,8,Ishita Singh,Male,Hyderabad,Telangana,Regular,2024-05-07,2024-05-10,Wallet,Delivered,1031,Yoga Mat,Sports,Local,1,3412.53,2005.57,0.15,3412.53,511.88,2900.65,2005.57,895.08
50325,297,Priya Patel,Female,Delhi,Delhi,New,2025-02-19,2025-02-22,Wallet,Delivered,1035,Dumbbells,Sports,National,3,1867.02,1495.81,0.0,5601.06,0.0,5601.06,4487.43,1113.63
50608,93,Sanya Mehta,Male,Hyderabad,Telangana,Premium,2026-02-26,2026-02-28,Net Banking,Delivered,1013,T-Shirt,Fashion,Local,2,1702.87,1433.92,0.0,3405.74,0.0,3405.74,2867.84,537.9
51054,259,Kabir Bansal,Female,Kolkata,West Bengal,New,2025-08-25,2025-08-30,UPI,Shipped,1031,Yoga Mat,Sports,Local,1,3412.53,2005.57,0.0,3412.53,0.0,3412.53,2005.57,1406.96
50791,285,Priya Bansal,Male,Lucknow,Uttar Pradesh,Regular,2025-08-23,2025-08-26,Net Banking,Delivered,1029,Biography,Books,Global,1,1136.3,716.7,0.0,1136.3,0.0,1136.3,716.7,419.6
50223,209,Arjun Mehta,Male,Indore,Madhya Pradesh,Regular,2024-03-13,2024-03-18,Debit Card,Delivered,1025,Novel,Books,Local,1,3152.83,1822.24,0.15,3152.83,472.92,2679.91,1822.24,857.67
50180,247,Priya Jain,Male,Indore,Madhya Pradesh,Premium,2025-06-03,2025-06-04,Wallet,Delivered,1032,Cricket Bat,Sports,Global,1,2636.49,1926.4,0.0,2636.49,0.0,2636.49,1926.4,710.09
50100,281,Kriti Mehta,Male,Ahmedabad,Gujarat,Regular,2025-02-27,2025-03-02,Credit Card,Delivered,1023,Sunscreen,Beauty,Local,1,2823.99,1634.38,0.1,2823.99,282.4,2541.59,1634.38,907.21
50522,82,Ishita Jain,Female,Jaipur,Rajasthan,New,2025-03-03,2025-03-10,Wallet,Delivered,1034,Skipping Rope,Sports,Global,1,2452.91,1835.2,0.0,2452.91,0.0,2452.91,1835.2,617.71
50023,287,Karan Sharma,Male,Kolkata,West Bengal,Regular,2024-10-29,2024-11-02,Credit Card,Delivered,1030,Comics,Books,Global,1,2869.89,2348.12,0.1,2869.89,286.99,2582.9,2348.12,234.78
50357,288,Riya Mehta,Female,Chandigarh,Chandigarh,Premium,2024-09-07,2024-09-09,Net Banking,Shipped,1009,Storage Box,Home,Global,1,1556.03,1289.6,0.15,1556.03,233.4,1322.63,1289.6,33.03
50734,210,Meera Khan,Female,Jaipur,Rajasthan,Regular,2025-05-09,2025-05-12,Debit Card,Delivered,1010,Water Bottle,Home,Global,1,2359.62,1449.8,0.1,2359.62,235.96,2123.66,1449.8,673.86
51094,116,Rohan Sharma,Female,Lucknow,Uttar Pradesh,Premium,2024-02-21,2024-02-23,Debit Card,Delivered,1014,Jeans,Fashion,Local,1,4761.64,2902.05,0.0,4761.64,0.0,4761.64,2902.05,1859.59
51112,86,Advik Sharma,Female,Ahmedabad,Gujarat,New,2024-11-15,2024-11-19,Debit Card,Delivered,1015,Hoodie,Fashion,Global,4,256.42,195.5,0.0,1025.68,0.0,1025.68,782.0,243.68
50612,228,Vivaan Joshi,Female,Ahmedabad,Gujarat,Regular,2026-02-23,2026-02-28,Wallet,Delivered,1024,Hair Serum,Beauty,Local,1,1678.65,1257.73,0.1,1678.65,167.86,1510.79,1257.73,253.06
51010,194,Tanya Bansal,Female,Hyderabad,Telangana,Regular,2025-05-16,2025-05-19,Debit Card,Delivered,1009,Storage Box,Home,Global,2,1556.03,1289.6,0.0,3112.06,0.0,3112.06,2579.2,532.86
50341,135,Rahul Chopra,Male,Delhi,Delhi,Regular,2025-08-02,2025-08-05,Wallet,Returned,1031,Yoga Mat,Sports,Local,2,3412.53,2005.57,0.05,6825.06,341.25,6483.81,4011.14,2472.67
50432,214,Simran Chopra,Female,Kolkata,West Bengal,New,2024-10-04,2024-10-08,Net Banking,Shipped,1033,Football,Sports,Global,2,1414.92,1036.3,0.2,2829.84,565.97,2263.87,2072.6,191.27
50962,214,Simran Chopra,Female,Kolkata,West Bengal,New,2024-04-17,2024-04-21,Debit Card,Delivered,1015,Hoodie,Fashion,Global,2,256.42,195.5,0.0,512.84,0.0,512.84,391.0,121.84
50218,283,Tanya Bansal,Female,Kolkata,West Bengal,New,2024-02-23,2024-02-28,Cash,Delivered,1021,Moisturizer,Beauty,Global,3,2179.97,1276.18,0.0,6539.91,0.0,6539.91,3828.54,2711.37
50204,147,Riya Bansal,Male,Hyderabad,Telangana,Regular,2025-12-16,2025-12-18,Debit Card,Delivered,1010,Water Bottle,Home,Global,2,2359.62,1449.8,0.1,4719.24,471.92,4247.32,2899.6,1347.72
50906,255,Priya Joshi,Male,Hyderabad,Telangana,Regular,2024-03-25,2024-03-29,Credit Card,Returned,1036,Sports Bottle,Sports,Global,1,4088.91,2569.4,0.0,4088.91,0.0,4088.91,2569.4,1519.51
50923,8,Ishita Singh,Male,Hyderabad,Telangana,Regular,2026-02-06,2026-02-08,UPI,Delivered,1003,Bluetooth Speaker,Electronics,Local,1,721.29,594.58,0.05,721.29,36.06,685.23,594.58,90.65
50094,75,Yash Chopra,Female,Kolkata,West Bengal,New,2024-10-05,2024-10-08,Wallet,Delivered,1017,Backpack,Fashion,National,2,903.6,644.09,0.05,1807.2,90.36,1716.84,1288.18,428.66
50911,40,Rahul Jain,Female,Lucknow,Uttar Pradesh,New,2024-12-24,2024-12-29,Wallet,Delivered,1006,Mouse,Electronics,Local,1,969.37,755.17,0.0,969.37,0.0,969.37,755.17,214.2
50069,259,Kabir Bansal,Female,Kolkata,West Bengal,New,2025-09-10,2025-09-12,Wallet,Delivered,1006,Mouse,Electronics,Local,1,969.37,755.17,0.0,969.37,0.0,969.37,755.17,214.2
50895,217,Aarav Mehta,Male,Kolkata,West Bengal,Premium,2024-02-03,2024-02-04,Cash,Shipped,1007,Table Lamp,Home,Local,2,2919.43,1909.82,0.0,5838.86,0.0,5838.86,3819.64,2019.22
50285,76,Kabir Jain,Male,Chennai,Tamil Nadu,Premium,2024-06-25,2024-07-01,Net Banking,Delivered,1005,Keyboard,Electronics,National,1,494.6,310.77,0.1,494.6,49.46,445.14,310.77,134.37
50697,211,Rohan Agarwal,Male,Chandigarh,Chandigarh,Regular,2024-06-13,2024-06-19,Credit Card,Delivered,1022,Perfume,Beauty,Global,1,3417.35,2777.34,0.0,3417.35,0.0,3417.35,2777.34,640.01
50086,85,Arjun Singh,Male,Pune,Maharashtra,Regular,2024-03-12,2024-03-19,Wallet,Delivered,1018,Watch,Fashion,National,1,2767.2,2038.19,0.1,2767.2,276.72,2490.48,2038.19,452.29
50435,113,Simran Patel,Female,Jaipur,Rajasthan,Regular,2024-08-16,2024-08-18,Net Banking,Delivered,1017,Backpack,Fashion,National,2,903.6,644.09,,1807.2,0.0,1807.2,1288.18,519.02
50797,52,Meera Mehta,Female,Bengaluru,Karnataka,Regular,2025-03-08,2025-03-11,net banking,Delivered,1032,Cricket Bat,Sports,Global,1,2636.49,1926.4,0.15,2636.49,395.47,2241.02,1926.4,314.62
50154,157,Vivaan Joshi,Female,Bengaluru,Karnataka,Regular,2025-10-29,2025-10-31,UPI,Delivered,1019,Face Wash,Beauty,Local,1,1116.61,742.63,0.15,1116.61,167.49,949.12,742.63,206.49
50076,148,Rahul Mehta,Female,Indore,Madhya Pradesh,Premium,2025-04-16,2025-04-18,Net Banking,Delivered,1026,Programming Book,Books,Local,1,903.16,551.63,0.0,903.16,0.0,903.16,551.63,351.53
51043,27,Aditi Patel,Female,Mumbai,Maharashtra,Regular,2026-03-30,2026-03-31,Wallet,Delivered,1016,Sneakers,Fashion,Global,1,3204.04,2097.3,0.0,3204.04,0.0,3204.04,2097.3,1106.74
50581,281,Kriti Mehta,Male,Ahmedabad,Gujarat,Regular,2024-10-01,2024-10-04,Debit Card,Delivered,1023,Sunscreen,Beauty,Local,3,2823.99,1634.38,0.1,8471.97,847.2,7624.77,4903.14,2721.63
50447,239,Aditi Chopra,Female,Chennai,Tamil Nadu,Regular,2025-05-15,2025-05-20,Debit Card,Delivered,1018,Watch,Fashion,National,1,2767.2,2038.19,0.0,2767.2,0.0,2767.2,2038.19,729.01
50704,104,Yash Gupta,Male,Delhi,Delhi,Regular,2026-01-11,2026-01-16,Net Banking,Delivered,1018,Watch,Fashion,National,1,2767.2,2038.19,0.0,2767.2,0.0,2767.2,2038.19,729.01
50189,132,Dev Sharma,Male,Pune,Maharashtra,Premium,2026-03-01,2026-03-07,Credit Card,Delivered,1029,Biography,Books,Global,1,1136.3,716.7,0.0,1136.3,0.0,1136.3,716.7,419.6
50272,276,Manav Gupta,Female,Jaipur,Rajasthan,Regular,2025-01-14,2025-01-17,Cash,Delivered,1017,Backpack,Fashion,National,2,903.6,644.09,0.2,1807.2,361.44,1445.76,1288.18,157.58
50237,175,Aman Joshi,Male,Ahmedabad,Gujarat,Regular,2025-03-24,2025-03-29,Credit Card,Delivered,1013,T-Shirt,Fashion,Local,2,1702.87,1433.92,0.1,3405.74,340.57,3065.17,2867.84,197.33
50488,258,Vivaan Mehta,Female,Delhi,Delhi,Regular,2025-09-30,2025-10-04,Credit Card,Delivered,1026,Programming Book,Books,Local,1,903.16,551.63,0.0,903.16,0.0,903.16,551.63,351.53
51160,43,Kriti Patel,Male,Mumbai,Maharashtra,New,2026-01-25,2026-01-28,Net Banking,Delivered,1027,Data Science Book,Books,Local,1,276.54,194.56,0.0,276.54,0.0,276.54,194.56,81.98
50560,24,Rohan Singh,Female,Pune,Maharashtra,New,2025-05-25,,Cash,Cancelled,1036,Sports Bottle,Sports,Global,3,4088.91,2569.4,0.0,12266.73,0.0,12266.73,7708.2,4558.53
50118,147,Riya Bansal,Male,Hyderabad,Telangana,Regular,2026-01-20,2026-01-22,Cash,Delivered,1033,Football,Sports,Global,1,1414.92,1036.3,0.0,1414.92,0.0,1414.92,1036.3,378.62
50638,236,Nisha Jain,Male,Lucknow,Uttar Pradesh,Regular,2024-07-01,2024-07-04,Wallet,Delivered,1033,Football,Sports,Global,2,1414.92,1036.3,0.0,2829.84,0.0,2829.84,2072.6,757.24
51128,297,Priya Patel,Female,Delhi,Delhi,New,2024-11-03,2024-11-07,Credit Card,Returned,1027,Data Science Book,Books,Local,1,276.54,194.56,0.05,276.54,13.83,262.71,194.56,68.15
50751,57,Nisha Agarwal,Female,Jaipur,Rajasthan,Regular,2025-07-27,2025-08-03,Credit Card,Delivered,1007,Table Lamp,Home,Local,3,2919.43,1909.82,0.05,8758.29,437.91,8320.38,5729.46,2590.92
50513,193,Nisha Agarwal,Female,Ahmedabad,Gujarat,Regular,2024-08-24,2024-08-30,Net Banking,Delivered,1035,Dumbbells,Sports,National,1,1867.02,1495.81,0.0,1867.02,0.0,1867.02,1495.81,371.21
50634,234,Rohan Joshi,Male,Indore,Madhya Pradesh,Premium,2026-03-03,2026-03-05,Cash,Delivered,1025,Novel,Books,Local,1,3152.83,1822.24,0.0,3152.83,0.0,3152.83,1822.24,1330.59
50786,134,Neha Singh,Male,Jaipur,Rajasthan,Regular,2025-09-10,2025-09-15,Credit Card,Delivered,1017,Backpack,Fashion,National,2,903.6,644.09,0.05,1807.2,90.36,1716.84,1288.18,428.66
51007,172,Rahul Agarwal,Female,Mumbai,Maharashtra,Premium,2024-09-21,2024-09-23,Credit Card,Delivered,1021,Moisturizer,Beauty,Global,1,2179.97,1276.18,0.2,2179.97,435.99,1743.98,1276.18,467.8
50853,21,Rahul Singh,Female,Hyderabad,Telangana,New,2026-03-30,2026-04-02,UPI,Delivered,1019,Face Wash,Beauty,Local,1,1116.61,742.63,0.15,1116.61,167.49,949.12,742.63,206.49
50127,294,Manav Bansal,Male,Delhi,Delhi,Regular,2025-07-29,2025-07-31,Credit Card,Delivered,1012,Wall Clock,Home,Local,1,431.0,282.38,0.0,431.0,0.0,431.0,282.38,148.62
50117,215,Rahul Joshi,Female,Hyderabad,Telangana,Regular,2025-11-19,2025-11-21,Credit Card,Delivered,1018,Watch,Fashion,National,1,2767.2,2038.19,0.0,2767.2,0.0,2767.2,2038.19,729.01
50474,4,Sanya Jain,Female,Indore,Madhya Pradesh,New,2025-01-31,2025-02-04,Net Banking,Delivered,1022,Perfume,Beauty,Global,2,3417.35,2777.34,0.05,6834.7,341.74,6492.96,5554.68,938.28
50741,281,Kriti Mehta,Male,Ahmedabad,Gujarat,Regular,2025-03-18,2025-03-19,Net Banking,Shipped,1035,Dumbbells,Sports,National,1,1867.02,1495.81,0.0,1867.02,0.0,1867.02,1495.81,371.21
50993,254,Karan Mehta,Female,Chennai,Tamil Nadu,Regular,2024-06-28,2024-07-02,Net Banking,Delivered,1008,Bedsheet,Home,Global,1,1858.88,1381.04,0.0,1858.88,0.0,1858.88,1381.04,477.84
50058,3,Riya Jain,Male,Hyderabad,Telangana,Regular,2025-03-24,2025-03-29,Debit Card,Delivered,1032,Cricket Bat,Sports,Global,2,2636.49,1926.4,0.1,5272.98,527.3,4745.68,3852.8,892.88
50604,89,Vivaan Agarwal,Female,Chandigarh,Chandigarh,Regular,2024-09-12,2024-09-16,Cash,Delivered,1009,Storage Box,Home,Global,1,1556.03,1289.6,0.0,1556.03,0.0,1556.03,1289.6,266.43
50787,235,Kabir Chopra,Female,Hyderabad,Telangana,New,2024-02-28,2024-03-06,Credit Card,Delivered,1024,Hair Serum,Beauty,Local,1,1678.65,1257.73,0.05,1678.65,83.93,1594.72,1257.73,336.99
50971,59,Dev Khan,Male,Chandigarh,Chandigarh,Regular,2025-07-19,2025-07-23,Wallet,Delivered,1016,Sneakers,Fashion,Global,4,3204.04,2097.3,0.0,12816.16,0.0,12816.16,8389.2,4426.96
50657,163,Karan Bansal,Male,Mumbai,Maharashtra,Regular,2024-08-13,2024-08-15,Wallet,Delivered,1005,Keyboard,Electronics,National,3,494.6,310.77,0.1,1483.8,148.38,1335.42,932.31,403.11
50903,74,Advik Agarwal,Female,Ahmedabad,Gujarat,Regular,2024-06-15,2024-06-20,Net Banking,Delivered,1007,Table Lamp,Home,Local,1,2919.43,1909.82,0.15,2919.43,437.91,2481.52,1909.82,571.7
50922,187,Neha Patel,Female,Delhi,Delhi,Regular,2025-01-19,2025-01-23,Cash,Delivered,1035,Dumbbells,Sports,National,1,1867.02,1495.81,0.0,1867.02,0.0,1867.02,1495.81,371.21
50106,35,Tanya Mehta,Other,Mumbai,Maharashtra,Regular,2025-04-26,2025-04-30,UPI,Shipped,1008,Bedsheet,Home,Global,1,1858.88,1381.04,0.0,1858.88,0.0,1858.88,1381.04,477.84
50636,286,Rahul Chopra,Male,Kolkata,West Bengal,Regular,2024-01-22,2024-01-25,UPI,Delivered,1018,Watch,Fashion,National,2,2767.2,2038.19,0.05,5534.4,276.72,5257.68,4076.38,1181.3
50370,35,Tanya Mehta,Other,Mumbai,Maharashtra,Regular,2026-03-08,2026-03-14,Debit Card,Delivered,1016,Sneakers,Fashion,Global,1,3204.04,2097.3,0.2,3204.04,640.81,2563.23,2097.3,465.93
50269,8,Ishita Singh,Male,Hyderabad,Telangana,Regular,2024-01-29,2024-02-04,Wallet,Delivered,1017,Backpack,Fashion,National,1,903.6,644.09,0.15,903.6,135.54,768.06,644.09,123.97
50656,73,Rohan Joshi,Male,Hyderabad,Telangana,New,2025-11-18,2025-11-22,UPI,Delivered,1018,Watch,Fashion,National,2,2767.2,2038.19,0.0,5534.4,0.0,5534.4,4076.38,1458.02
50047,228,Vivaan Joshi,Female,Ahmedabad,Gujarat,Regular,2025-10-12,2025-10-17,Debit Card,Returned,1007,Table Lamp,Home,Local,2,2919.43,1909.82,0.0,5838.86,0.0,5838.86,3819.64,2019.22
50350,159,Aman Jain,Female,Mumbai,Maharashtra,Regular,2025-07-22,2025-07-27,Net Banking,Returned,1015,Hoodie,Fashion,Global,2,256.42,195.5,0.05,512.84,25.64,487.2,391.0,96.2
50774,145,Vivaan Agarwal,Female,Pune,Maharashtra,Regular,2024-12-31,2025-01-02,UPI,Delivered,1012,Wall Clock,Home,Local,1,431.0,282.38,0.0,431.0,0.0,431.0,282.38,148.62
50196,202,Rohan Khan,Female,Mumbai,Maharashtra,Premium,2024-02-01,2024-02-02,Wallet,Delivered,1009,Storage Box,Home,Global,1,1556.03,1289.6,0.1,1556.03,155.6,1400.43,1289.6,110.83
50103,89,Vivaan Agarwal,Female,Chandigarh,Chandigarh,Regular,2025-10-15,2025-10-17,Debit Card,Delivered,1014,Jeans,Fashion,Local,2,4761.64,2902.05,0.0,9523.28,0.0,9523.28,5804.1,3719.18
50005,102,Pooja Sharma,Female,Hyderabad,Telangana,Regular,2024-09-23,2024-09-25,Wallet,Delivered,1014,Jeans,Fashion,Local,1,4761.64,2902.05,0.05,4761.64,238.08,4523.56,2902.05,1621.51
50620,229,Priya Patel,Female,Chennai,Tamil Nadu,Regular,2024-09-30,2024-10-07,Credit Card,Delivered,1014,Jeans,Fashion,Local,1,4761.64,2902.05,0.1,4761.64,476.16,4285.48,2902.05,1383.43
50991,240,Meera Agarwal,Female,Kolkata,West Bengal,Regular,2025-08-23,2025-08-30,Net Banking,Delivered,1025,Novel,Books,Local,2,3152.83,1822.24,0.0,6305.66,0.0,6305.66,3644.48,2661.18
50053,122,Tanya Verma,Female,Kolkata,West Bengal,Regular,2025-06-27,2025-07-02,UPI,Delivered,1012,Wall Clock,Home,Local,3,431.0,282.38,0.0,1293.0,0.0,1293.0,847.14,445.86
50264,55,Simran Jain,Male,Pune,Maharashtra,Regular,2025-11-24,2025-11-25,Debit Card,Delivered,1021,Moisturizer,Beauty,Global,1,2179.97,1276.18,0.0,2179.97,0.0,2179.97,1276.18,903.79
51093,213,Arjun Bansal,Male,Hyderabad,Telangana,Premium,2025-02-13,2025-02-20,Cash,Delivered,1036,Sports Bottle,Sports,Global,1,4088.91,2569.4,0.0,4088.91,0.0,4088.91,2569.4,1519.51
50444,65,Ananya Agarwal,Female,Ahmedabad,Gujarat,Regular,2025-09-03,,Debit Card,Cancelled,1017,Backpack,Fashion,National,2,903.6,644.09,0.15,1807.2,271.08,1536.12,1288.18,247.94
50972,222,Tanya Agarwal,Female,Mumbai,Maharashtra,Regular,2024-02-21,2024-02-24,Net Banking,Delivered,1029,Biography,Books,Global,1,1136.3,716.7,0.05,1136.3,56.82,1079.48,716.7,362.78
50783,72,Karan Joshi,Female,Pune,Maharashtra,New,2025-03-02,2025-03-05,Net Banking,Delivered,1017,Backpack,Fashion,National,1,903.6,644.09,0.05,903.6,45.18,858.42,644.09,214.33
50847,233,Aarav Patel,Female,Chennai,Tamil Nadu,Regular,2024-09-27,2024-09-30,Debit Card,Shipped,1002,Smartwatch,Electronics,National,1,3606.11,2372.12,0.0,3606.11,0.0,3606.11,2372.12,1233.99
50692,163,Karan Bansal,Male,Mumbai,Maharashtra,Regular,2026-03-21,2026-03-23,UPI,Delivered,1028,Exam Guide,Books,Global,2,847.54,716.34,0.0,1695.08,0.0,1695.08,1432.68,262.4
50305,294,Manav Bansal,Male,Delhi,Delhi,Regular,2026-02-03,2026-02-08,Credit Card,Delivered,1015,Hoodie,Fashion,Global,1,256.42,195.5,0.0,256.42,0.0,256.42,195.5,60.92
50342,95,Tanya Sharma,Male,Delhi,Delhi,Regular,2024-06-29,2024-07-05,Debit Card,Delivered,1010,Water Bottle,Home,Global,1,2359.62,1449.8,0.0,2359.62,0.0,2359.62,1449.8,909.82
50867,276,Manav Gupta,Female,Jaipur,Rajasthan,Regular,2025-05-28,2025-05-31,Debit Card,Delivered,1002,Smartwatch,Electronics,National,2,3606.11,2372.12,0.0,7212.22,0.0,7212.22,4744.24,2467.98
50314,283,Tanya Bansal,Female,Kolkata,West Bengal,New,2024-09-25,2024-10-02,Net Banking,Delivered,1035,Dumbbells,Sports,National,1,1867.02,1495.81,0.1,1867.02,186.7,1680.32,1495.81,184.51
50150,74,Advik Agarwal,Female,Ahmedabad,Gujarat,Regular,2024-01-10,2024-01-14,Wallet,Shipped,1020,Shampoo,Beauty,National,2,4724.9,2913.32,0.0,9449.8,0.0,9449.8,5826.64,3623.16
50125,167,Vivaan Sharma,Female,Hyderabad,Telangana,Regular,2024-10-16,2024-10-20,Net Banking,Delivered,1007,Table Lamp,Home,Local,1,2919.43,1909.82,0.15,2919.43,437.91,2481.52,1909.82,571.7
51063,4,Sanya Jain,Female,Indore,Madhya Pradesh,New,2024-11-20,2024-11-23,Wallet,Delivered,1008,Bedsheet,Home,Global,1,1858.88,1381.04,0.0,1858.88,0.0,1858.88,1381.04,477.84
50575,253,Simran Khan,Female,Indore,Madhya Pradesh,Regular,2026-03-08,2026-03-12,Credit Card,Delivered,1003,Bluetooth Speaker,Electronics,Local,1,721.29,594.58,0.0,721.29,0.0,721.29,594.58,126.71
50698,239,Aditi Chopra,Female,Chennai,Tamil Nadu,Regular,2025-06-15,2025-06-16,Debit Card,Delivered,1010,Water Bottle,Home,Global,1,2359.62,1449.8,0.0,2359.62,0.0,2359.62,1449.8,909.82
50665,262,Yash Chopra,Female,Jaipur,Rajasthan,New,2026-02-22,2026-02-23,Credit Card,Delivered,1012,Wall Clock,Home,Local,1,431.0,282.38,0.1,431.0,43.1,387.9,282.38,105.52
50051,226,Advik Mehta,Male,Delhi,Delhi,Regular,2025-06-06,2025-06-10,UPI,Delivered,1018,Watch,Fashion,National,1,2767.2,2038.19,0.0,2767.2,0.0,2767.2,2038.19,729.01
50727,142,Vivaan Singh,Female,Bengaluru,Karnataka,Regular,2026-06-11,2026-06-18,UPI,Delivered,1017,Backpack,Fashion,National,2,903.6,644.09,0.0,1807.2,0.0,1807.2,1288.18,519.02
50800,122,Tanya Verma,Female,Kolkata,West Bengal,Regular,2026-03-04,2026-03-09,Wallet,Delivered,1026,Programming Book,Books,Local,1,903.16,551.63,0.0,903.16,0.0,903.16,551.63,351.53
50354,231,Tanya Gupta,Female,Chennai,Tamil Nadu,Regular,2025-12-18,2025-12-22,UPI,Delivered,1023,Sunscreen,Beauty,Local,1,2823.99,1634.38,0.0,2823.99,0.0,2823.99,1634.38,1189.61
51153,276,Manav Gupta,Female,Jaipur,Rajasthan,Regular,2025-08-12,2025-08-19,Credit Card,Shipped,1027,Data Science Book,Books,Local,2,276.54,194.56,0.15,553.08,82.96,470.12,389.12,81.0
50143,113,Simran Patel,Female,Jaipur,Rajasthan,Regular,2025-05-02,2025-05-07,Debit Card,Delivered,1001,Wireless Earbuds,Electronics,Global,1,2096.32,1217.44,0.1,2096.32,209.63,1886.69,1217.44,669.25
50471,69,Sanya Bansal,Male,Mumbai,Maharashtra,New,2025-06-18,2025-06-23,UPI,Delivered,1015,Hoodie,Fashion,Global,1,256.42,195.5,0.0,256.42,0.0,256.42,195.5,60.92
50654,155,Rohan Verma,Female,Ahmedabad,Gujarat,Premium,2026-01-21,2026-01-27,Cash,Delivered,1029,Biography,Books,Global,1,1136.3,716.7,0.2,1136.3,227.26,909.04,716.7,192.34
50400,245,Neha Sharma,Male,Bengaluru,Karnataka,Premium,2024-04-18,2024-04-22,Net Banking,Delivered,1026,Programming Book,Books,Local,1,903.16,551.63,0.0,903.16,0.0,903.16,551.63,351.53
51154,271,Sanya Khan,Male,Hyderabad,Telangana,Regular,2024-02-22,2024-02-25,Cash,Delivered,1024,Hair Serum,Beauty,Local,2,1678.65,1257.73,0.0,3357.3,0.0,3357.3,2515.46,841.84
50938,21,Rahul Singh,Female,Hyderabad,Telangana,New,2024-05-28,2024-06-04,Net Banking,Delivered,1035,Dumbbells,Sports,National,1,1867.02,1495.81,0.1,1867.02,186.7,1680.32,1495.81,184.51
50321,103,Neha Singh,Male,Hyderabad,Telangana,New,2024-05-04,2024-05-09,Debit Card,Delivered,1030,Comics,Books,Global,2,2869.89,2348.12,0.05,5739.78,286.99,5452.79,4696.24,756.55
50020,269,Arjun Joshi,Female,Chandigarh,Chandigarh,Regular,2025-07-14,2025-07-16,Cash,Shipped,1005,Keyboard,Electronics,National,1,494.6,310.77,0.1,494.6,49.46,445.14,310.77,134.37
50685,139,Aman Chopra,Female,Chennai,Tamil Nadu,Regular,2024-10-18,2024-10-25,UPI,Delivered,1013,T-Shirt,Fashion,Local,1,1702.87,1433.92,0.1,1702.87,170.29,1532.58,1433.92,98.66
50036,149,Priya Verma,Female,Chennai,Tamil Nadu,Premium,2024-11-24,2024-12-01,Wallet,Delivered,1007,Table Lamp,Home,Local,2,2919.43,1909.82,0.0,5838.86,0.0,5838.86,3819.64,2019.22
50825,228,Vivaan Joshi,Female,Ahmedabad,Gujarat,Regular,2024-06-11,2024-06-15,Debit Card,Delivered,1029,Biography,Books,Global,1,1136.3,716.7,0.0,1136.3,0.0,1136.3,716.7,419.6
50506,45,Priya Patel,Male,Indore,Madhya Pradesh,Premium,2025-02-05,2025-02-06,Cash,Delivered,1036,Sports Bottle,Sports,Global,2,4088.91,2569.4,0.2,8177.82,1635.56,6542.26,5138.8,1403.46
50828,87,Pooja Bansal,Female,Chandigarh,Chandigarh,New,2026-02-20,2026-02-27,Cash,Delivered,1019,Face Wash,Beauty,Local,1,1116.61,742.63,0.1,1116.61,111.66,1004.95,742.63,262.32
51071,57,Nisha Agarwal,Female,Jaipur,Rajasthan,Regular,2026-03-12,2026-03-13,Wallet,Delivered,1029,Biography,Books,Global,2,1136.3,716.7,0.0,2272.6,0.0,2272.6,1433.4,839.2
50408,137,Tanya Mehta,Female,Chandigarh,Chandigarh,New,2024-06-02,,Debit Card,Cancelled,1005,Keyboard,Electronics,National,1,494.6,310.77,0.05,494.6,24.73,469.87,310.77,159.1
50818,173,Kriti Chopra,Female,Delhi,Delhi,Regular,2024-01-17,2024-01-19,Wallet,Delivered,1003,Bluetooth Speaker,Electronics,Local,2,721.29,594.58,0.15,1442.58,216.39,1226.19,1189.16,37.03
50538,130,Nisha Joshi,Female,Delhi,Delhi,Regular,2024-08-01,2024-08-03,Cash,Delivered,1029,Biography,Books,Global,1,1136.3,716.7,0.1,1136.3,113.63,1022.67,716.7,305.97
50759,89,Vivaan Agarwal,Female,Chandigarh,Chandigarh,Regular,2025-03-08,2025-03-15,Debit Card,Delivered,1027,Data Science Book,Books,Local,1,276.54,194.56,0.05,276.54,13.83,262.71,194.56,68.15
51069,82,Ishita Jain,Female,Jaipur,Rajasthan,New,2026-06-13,2026-06-19,Net Banking,Shipped,1011,Cushion Set,Home,Local,1,2158.18,1240.02,0.1,2158.18,215.82,1942.36,1240.02,702.34
50893,218,Karan Bansal,Female,Lucknow,Uttar Pradesh,Regular,2026-01-22,2026-01-25,Net Banking,Delivered,1029,Biography,Books,Global,2,1136.3,716.7,0.05,2272.6,113.63,2158.97,1433.4,725.57
50039,86,Advik Sharma,Female,Ahmedabad,Gujarat,New,2025-10-06,2025-10-13,Credit Card,Delivered,1027,Data Science Book,Books,Local,1,276.54,194.56,0.1,276.54,27.65,248.89,194.56,54.33
50176,222,Tanya Agarwal,Female,Mumbai,Maharashtra,Regular,2024-01-03,2024-01-06,Net Banking,Delivered,1008,Bedsheet,Home,Global,1,1858.88,1381.04,0.0,1858.88,0.0,1858.88,1381.04,477.84
50246,62,Aditi Singh,Female,Delhi,Delhi,Premium,2024-09-12,2024-09-13,Cash,Delivered,1031,Yoga Mat,Sports,Local,2,3412.53,2005.57,0.1,6825.06,682.51,6142.55,4011.14,2131.41
50811,283,Tanya Bansal,Female,Kolkata,West Bengal,New,2024-09-29,2024-10-03,Net Banking,Delivered,1008,Bedsheet,Home,Global,1,1858.88,1381.04,0.15,1858.88,278.83,1580.05,1381.04,199.01
51085,173,Kriti Chopra,Female,Delhi,Delhi,Regular,2026-02-25,2026-03-02,Credit Card,Shipped,1015,Hoodie,Fashion,Global,1,256.42,195.5,0.15,256.42,38.46,217.96,195.5,22.46
51078,10,Aman Khan,Male,Kolkata,West Bengal,New,2026-01-08,2026-01-10,Net Banking,Delivered,1016,Sneakers,Fashion,Global,1,3204.04,2097.3,0.0,3204.04,0.0,3204.04,2097.3,1106.74
50785,80,Meera Bansal,Female,Lucknow,Uttar Pradesh,Regular,2025-06-06,2025-06-09,Net Banking,Delivered,1014,Jeans,Fashion,Local,1,4761.64,2902.05,0.0,4761.64,0.0,4761.64,2902.05,1859.59
51185,47,Dev Singh,Male,Hyderabad,Telangana,New,2024-04-08,2024-04-10,Net Banking,Delivered,1004,Power Bank,Electronics,National,2,2950.53,1863.18,0.1,5901.06,590.11,5310.95,3726.36,1584.59
50490,143,Pooja Sharma,Male,Jaipur,Rajasthan,New,2024-12-27,2025-01-02,Cash,Delivered,1032,Cricket Bat,Sports,Global,1,2636.49,1926.4,0.1,2636.49,263.65,2372.84,1926.4,446.44
50155,141,Ananya Joshi,Male,Lucknow,Uttar Pradesh,Regular,2024-03-23,,Cash,Cancelled,1017,Backpack,Fashion,National,2,903.6,644.09,0.05,1807.2,90.36,1716.84,1288.18,428.66
50639,155,Rohan Verma,Female,Ahmedabad,Gujarat,Premium,2024-09-13,2024-09-15,UPI,Delivered,1032,Cricket Bat,Sports,Global,2,2636.49,1926.4,0.0,5272.98,0.0,5272.98,3852.8,1420.18
50663,177,Advik Bansal,Female,Pune,Maharashtra,Regular,2024-08-15,2024-08-17,Credit Card,Delivered,1011,Cushion Set,Home,Local,1,2158.18,1240.02,0.2,2158.18,431.64,1726.54,1240.02,486.52
50854,88,Karan Khan,Male,Chandigarh,Chandigarh,Regular,2026-04-27,2026-04-28,Cash,Delivered,1016,Sneakers,Fashion,Global,2,3204.04,2097.3,0.0,6408.08,0.0,6408.08,4194.6,2213.48
50288,219,Manav Khan,Female,Indore,Madhya Pradesh,Regular,2024-04-18,,Debit Card,Cancelled,1026,Programming Book,Books,Local,2,903.16,551.63,,1806.32,0.0,1806.32,1103.26,703.06
50626,283,Tanya Bansal,Female,Kolkata,West Bengal,New,2026-04-29,2026-04-30,Wallet,Delivered,1034,Skipping Rope,Sports,Global,4,2452.91,1835.2,0.0,9811.64,0.0,9811.64,7340.8,2470.84
51200,51,Aditi Patel,Female,Kolkata,West Bengal,Regular,2025-05-14,2025-05-19,Net Banking,Delivered,1003,Bluetooth Speaker,Electronics,Local,1,721.29,594.58,0.0,721.29,0.0,721.29,594.58,126.71
50686,253,Simran Khan,Female,Indore,Madhya Pradesh,Regular,2026-02-16,2026-02-23,Wallet,Delivered,1015,Hoodie,Fashion,Global,2,256.42,195.5,0.05,512.84,25.64,487.2,391.0,96.2
50873,249,Manav Chopra,Female,Ahmedabad,Gujarat,Regular,2025-08-17,2025-08-22,Cash,Delivered,1013,T-Shirt,Fashion,Local,2,1702.87,1433.92,0.0,3405.74,0.0,3405.74,2867.84,537.9
50570,100,Vivaan Jain,Female,Lucknow,Uttar Pradesh,Premium,2025-10-19,2025-10-21,UPI,Delivered,1029,Biography,Books,Global,1,1136.3,716.7,0.1,1136.3,113.63,1022.67,716.7,305.97
51144,162,Yash Bansal,Female,Delhi,Delhi,Regular,2026-03-05,2026-03-12,UPI,Delivered,1002,Smartwatch,Electronics,National,1,3606.11,2372.12,0.05,3606.11,180.31,3425.8,2372.12,1053.68
50735,113,Simran Patel,Female,Jaipur,Rajasthan,Regular,2024-05-12,2024-05-18,UPI,Delivered,1029,Biography,Books,Global,1,1136.3,716.7,0.15,1136.3,170.44,965.86,716.7,249.16
50793,41,Meera Joshi,Female,Pune,Maharashtra,Regular,2024-05-01,2024-05-06,Debit Card,Delivered,1029,Biography,Books,Global,4,1136.3,716.7,0.1,4545.2,454.52,4090.68,2866.8,1223.88
50018,280,Vivaan Verma,Female,Hyderabad,Telangana,New,2025-11-30,2025-12-04,Cash,Delivered,1026,Programming Book,Books,Local,1,903.16,551.63,0.15,903.16,135.47,767.69,551.63,216.06
50128,67,Riya Chopra,Female,Jaipur,Rajasthan,Premium,2024-03-15,2024-03-18,Credit Card,Delivered,1027,Data Science Book,Books,Local,1,276.54,194.56,0.2,276.54,55.31,221.23,194.56,26.67
50323,108,Aditi Patel,Male,Ahmedabad,Gujarat,Regular,2024-01-04,2024-01-05,Wallet,Delivered,1032,Cricket Bat,Sports,Global,1,2636.49,1926.4,0.0,2636.49,0.0,2636.49,1926.4,710.09
50256,104,Yash Gupta,Male,Delhi,Delhi,Regular,2024-03-17,2024-03-20,Credit Card,Shipped,1008,Bedsheet,Home,Global,1,1858.88,1381.04,0.05,1858.88,92.94,1765.94,1381.04,384.9
50944,195,Priya Khan,Male,Bengaluru,Karnataka,Regular,2024-08-29,2024-08-31,Debit Card,Delivered,1018,Watch,Fashion,National,2,2767.2,2038.19,0.0,5534.4,0.0,5534.4,4076.38,1458.02
51180,286,Rahul Chopra,Male,Kolkata,West Bengal,Regular,2024-11-09,2024-11-11,Wallet,Delivered,1036,Sports Bottle,Sports,Global,3,4088.91,2569.4,0.0,12266.73,0.0,12266.73,7708.2,4558.53
50191,290,Ishita Mehta,Male,Pune,Maharashtra,Regular,2025-03-08,2025-03-09,Cash,Delivered,1023,Sunscreen,Beauty,Local,3,2823.99,1634.38,0.0,8471.97,0.0,8471.97,4903.14,3568.83
50116,90,Ananya Bansal,Male,Bengaluru,Karnataka,Regular,2024-04-12,2024-04-19,Net Banking,Returned,1008,Bedsheet,Home,Global,2,1858.88,1381.04,0.0,3717.76,0.0,3717.76,2762.08,955.68
51174,53,Nisha Mehta,Male,Bengaluru,Karnataka,Regular,2025-09-02,2025-09-05,UPI,Delivered,1028,Exam Guide,Books,Global,1,847.54,716.34,0.0,847.54,0.0,847.54,716.34,131.2
50889,297,Priya Patel,Female,Delhi,Delhi,New,2025-08-15,2025-08-19,Wallet,Delivered,1031,Yoga Mat,Sports,Local,2,3412.53,2005.57,0.0,6825.06,0.0,6825.06,4011.14,2813.92
50607,270,Sanya Joshi,Male,Mumbai,Maharashtra,Regular,2024-03-19,2024-03-25,UPI,Delivered,1021,Moisturizer,Beauty,Global,3,2179.97,1276.18,0.05,6539.91,327.0,6212.91,3828.54,2384.37
50181,187,Neha Patel,Female,Delhi,Delhi,Regular,2025-08-18,2025-08-23,Wallet,Delivered,1029,Biography,Books,Global,1,1136.3,716.7,,1136.3,0.0,1136.3,716.7,419.6
50302,152,Neha Agarwal,Female,Chennai,Tamil Nadu,Regular,2024-01-05,2024-01-09,Debit Card,Delivered,1016,Sneakers,Fashion,Global,2,3204.04,2097.3,0.05,6408.08,320.4,6087.68,4194.6,1893.08
50497,292,Advik Chopra,Male,Lucknow,Uttar Pradesh,New,2024-10-07,2024-10-10,Credit Card,Delivered,1036,Sports Bottle,Sports,Global,1,4088.91,2569.4,0.1,4088.91,408.89,3680.02,2569.4,1110.62
50349,10,Aman Khan,Male,Kolkata,West Bengal,New,2026-05-13,2026-05-16,Cash,Delivered,1002,Smartwatch,Electronics,National,1,3606.11,2372.12,0.05,3606.11,180.31,3425.8,2372.12,1053.68
51036,15,Manav Bansal,Female,Jaipur,Rajasthan,Regular,2024-09-15,2024-09-21,UPI,Delivered,1019,Face Wash,Beauty,Local,1,1116.61,742.63,0.0,1116.61,0.0,1116.61,742.63,373.98
50983,250,Kabir Singh,Male,Kolkata,West Bengal,Regular,2026-03-04,2026-03-09,Wallet,Shipped,1011,Cushion Set,Home,Local,2,2158.18,1240.02,0.0,4316.36,0.0,4316.36,2480.04,1836.32
50745,103,Neha Singh,Male,Hyderabad,Telangana,New,2024-08-02,2024-08-07,Cash,Delivered,1015,Hoodie,Fashion,Global,1,256.42,195.5,0.0,256.42,0.0,256.42,195.5,60.92
51152,46,Karan Chopra,Male,Ahmedabad,Gujarat,Regular,2025-03-15,2025-03-20,Credit Card,Delivered,1013,T-Shirt,Fashion,Local,1,1702.87,1433.92,0.2,1702.87,340.57,1362.3,1433.92,-71.62
50518,196,Ananya Verma,Female,Mumbai,Maharashtra,Premium,2024-11-02,2024-11-08,Net Banking,Delivered,1018,Watch,Fashion,National,1,2767.2,2038.19,0.1,2767.2,276.72,2490.48,2038.19,452.29
50373,4,Sanya Jain,Female,Indore,Madhya Pradesh,New,2025-10-05,2025-10-08,Credit Card,Delivered,1004,Power Bank,Electronics,National,1,2950.53,1863.18,0.05,2950.53,147.53,2803.0,1863.18,939.82
50046,43,Kriti Patel,Male,Mumbai,Maharashtra,New,2025-01-19,2025-01-26,Debit Card,Delivered,1024,Hair Serum,Beauty,Local,1,1678.65,1257.73,0.05,1678.65,83.93,1594.72,1257.73,336.99
50477,253,Simran Khan,Female,Indore,Madhya Pradesh,Regular,2025-06-09,2025-06-13,Credit Card,Shipped,1021,Moisturizer,Beauty,Global,2,2179.97,1276.18,0.0,4359.94,0.0,4359.94,2552.36,1807.58
50158,101,Yash Chopra,Female,Jaipur,Rajasthan,Regular,2025-05-16,2025-05-20,Cash,Returned,1035,Dumbbells,Sports,National,1,1867.02,1495.81,0.0,1867.02,0.0,1867.02,1495.81,371.21
51047,129,Neha Verma,Other,Bengaluru,Karnataka,Regular,2024-02-26,2024-03-01,Debit Card,Delivered,1011,Cushion Set,Home,Local,1,2158.18,1240.02,0.15,2158.18,323.73,1834.45,1240.02,594.43
50172,267,Vivaan Khan,Female,Delhi,Delhi,Regular,2025-04-05,2025-04-09,Cash,Delivered,1031,Yoga Mat,Sports,Local,2,3412.53,2005.57,0.0,6825.06,0.0,6825.06,4011.14,2813.92
50017,258,Vivaan Mehta,Female,Delhi,Delhi,Regular,2024-11-15,2024-11-16,Net Banking,Delivered,1018,Watch,Fashion,National,1,2767.2,2038.19,0.0,2767.2,0.0,2767.2,2038.19,729.01
50512,182,Aditi Mehta,Male,Chandigarh,Chandigarh,Premium,2024-01-25,2024-01-26,Net Banking,Returned,1018,Watch,Fashion,National,1,2767.2,2038.19,0.2,2767.2,553.44,2213.76,2038.19,175.57
50049,49,Kriti Agarwal,Male,Ahmedabad,Gujarat,Premium,2026-03-14,2026-03-19,Wallet,Delivered,1025,Novel,Books,Local,1,3152.83,1822.24,0.0,3152.83,0.0,3152.83,1822.24,1330.59
50192,249,Manav Chopra,Female,Ahmedabad,Gujarat,Regular,2025-11-30,2025-12-04,Net Banking,Delivered,1010,Water Bottle,Home,Global,1,2359.62,1449.8,,2359.62,0.0,2359.62,1449.8,909.82
50547,10,Aman Khan,Male,Kolkata,West Bengal,New,2024-04-23,2024-04-25,Wallet,Delivered,1021,Moisturizer,Beauty,Global,1,2179.97,1276.18,0.2,2179.97,435.99,1743.98,1276.18,467.8
50516,276,Manav Gupta,Female,Jaipur,Rajasthan,Regular,2024-11-24,2024-11-30,Credit Card,Delivered,1036,Sports Bottle,Sports,Global,2,4088.91,2569.4,0.0,8177.82,0.0,8177.82,5138.8,3039.02
50978,294,Manav Bansal,Male,Delhi,Delhi,Regular,2024-11-25,2024-11-28,Net Banking,Delivered,1006,Mouse,Electronics,Local,2,969.37,755.17,0.05,1938.74,96.94,1841.8,1510.34,331.46
50939,92,Riya Joshi,Male,Delhi,Delhi,New,2024-11-12,2024-11-18,Net Banking,Delivered,1020,Shampoo,Beauty,National,2,4724.9,2913.32,0.1,9449.8,944.98,8504.82,5826.64,2678.18
50829,9,Riya Sharma,Male,Mumbai,Maharashtra,New,2024-02-22,2024-02-24,Cash,Delivered,1010,Water Bottle,Home,Global,1,2359.62,1449.8,0.2,2359.62,471.92,1887.7,1449.8,437.9
50984,157,Vivaan Joshi,Female,Bengaluru,Karnataka,Regular,2026-05-04,2026-05-07,Net Banking,Delivered,1012,Wall Clock,Home,Local,2,431.0,282.38,0.0,862.0,0.0,862.0,564.76,297.24
50481,180,Priya Mehta,Male,Pune,Maharashtra,Regular,2025-06-27,2025-07-04,UPI,Returned,1011,Cushion Set,Home,Local,2,2158.18,1240.02,0.0,4316.36,0.0,4316.36,2480.04,1836.32
51129,117,Dev Khan,Male,Bengaluru,Karnataka,Regular,2025-05-07,2025-05-14,Credit Card,Delivered,1005,Keyboard,Electronics,National,1,494.6,310.77,0.05,494.6,24.73,469.87,310.77,159.1
50284,96,Rohan Jain,Female,Bengaluru,Karnataka,New,2025-02-25,2025-02-28,Wallet,Returned,1006,Mouse,Electronics,Local,1,969.37,755.17,0.1,969.37,96.94,872.43,755.17,117.26
51030,112,Nisha Mehta,Male,Ahmedabad,Gujarat,Regular,2025-06-19,2025-06-22,Wallet,Delivered,1035,Dumbbells,Sports,National,1,1867.02,1495.81,0.0,1867.02,0.0,1867.02,1495.81,371.21
50798,61,Rahul Bansal,Male,Chandigarh,Chandigarh,Regular,2024-11-22,2024-11-29,Wallet,Delivered,1023,Sunscreen,Beauty,Local,1,2823.99,1634.38,0.15,2823.99,423.6,2400.39,1634.38,766.01
50940,286,Rahul Chopra,Male,Kolkata,West Bengal,Regular,2024-03-28,2024-04-01,Cash,Delivered,1016,Sneakers,Fashion,Global,2,3204.04,2097.3,0.0,6408.08,0.0,6408.08,4194.6,2213.48
50226,186,Ananya Agarwal,Female,Lucknow,Uttar Pradesh,Regular,2024-07-03,2024-07-10,Wallet,Delivered,1007,Table Lamp,Home,Local,1,2919.43,1909.82,0.05,2919.43,145.97,2773.46,1909.82,863.64
50027,258,Vivaan Mehta,Female,Delhi,Delhi,Regular,2026-01-30,2026-02-06,Debit Card,Delivered,1003,Bluetooth Speaker,Electronics,Local,1,721.29,594.58,0.0,721.29,0.0,721.29,594.58,126.71
50283,191,Sanya Sharma,Male,Lucknow,Uttar Pradesh,Regular,2025-02-25,2025-03-03,Net Banking,Shipped,1030,Comics,Books,Global,2,2869.89,2348.12,0.05,5739.78,286.99,5452.79,4696.24,756.55
51150,27,Aditi Patel,Female,Mumbai,Maharashtra,Regular,2025-05-28,2025-05-29,Wallet,Delivered,1013,T-Shirt,Fashion,Local,1,1702.87,1433.92,,1702.87,0.0,1702.87,1433.92,268.95
50438,184,Tanya Gupta,Female,Mumbai,Maharashtra,Regular,2025-11-21,2025-11-22,Cash,Delivered,1024,Hair Serum,Beauty,Local,1,1678.65,1257.73,0.2,1678.65,335.73,1342.92,1257.73,85.19
51168,9,Riya Sharma,Male,Mumbai,Maharashtra,New,2025-01-20,2025-01-25,Wallet,Delivered,1022,Perfume,Beauty,Global,1,3417.35,2777.34,0.0,3417.35,0.0,3417.35,2777.34,640.01
50365,275,Manav Verma,Male,Ahmedabad,Gujarat,Premium,2025-03-23,2025-03-29,Cash,Delivered,1028,Exam Guide,Books,Global,2,847.54,716.34,0.15,1695.08,254.26,1440.82,1432.68,8.14
50230,32,Aarav Chopra,Male,Jaipur,Rajasthan,Regular,2025-07-20,2025-07-23,Cash,Returned,1016,Sneakers,Fashion,Global,2,3204.04,2097.3,0.0,6408.08,0.0,6408.08,4194.6,2213.48
50038,116,Rohan Sharma,Female,Lucknow,Uttar Pradesh,Premium,2025-12-03,2025-12-08,Net Banking,Delivered,1035,Dumbbells,Sports,National,1,1867.02,1495.81,0.0,1867.02,0.0,1867.02,1495.81,371.21
50670,16,Aditi Patel,Female,Bengaluru,Karnataka,Premium,2025-02-26,2025-03-03,UPI,Delivered,1021,Moisturizer,Beauty,Global,1,2179.97,1276.18,0.15,2179.97,327.0,1852.97,1276.18,576.79
50750,231,Tanya Gupta,Female,Chennai,Tamil Nadu,Regular,2026-05-23,2026-05-29,Net Banking,Delivered,1022,Perfume,Beauty,Global,2,3417.35,2777.34,0.0,6834.7,0.0,6834.7,5554.68,1280.02
51181,72,Karan Joshi,Female,Pune,Maharashtra,New,2024-09-26,2024-09-30,Cash,Delivered,1001,Wireless Earbuds,Electronics,Global,2,2096.32,1217.44,0.0,4192.64,0.0,4192.64,2434.88,1757.76
50375,16,Aditi Patel,Female,Bengaluru,Karnataka,Premium,2024-12-20,2024-12-22,Debit Card,Delivered,1031,Yoga Mat,Sports,Local,1,3412.53,2005.57,0.0,3412.53,0.0,3412.53,2005.57,1406.96
50470,262,Yash Chopra,Female,Jaipur,Rajasthan,New,2024-03-24,2024-03-26,Debit Card,Shipped,1007,Table Lamp,Home,Local,2,2919.43,1909.82,0.0,5838.86,0.0,5838.86,3819.64,2019.22
50883,85,Arjun Singh,Male,Pune,Maharashtra,Regular,2025-10-12,2025-10-13,Cash,Returned,1025,Novel,Books,Local,1,3152.83,1822.24,0.0,3152.83,0.0,3152.83,1822.24,1330.59
51182,25,Dev Bansal,Male,Jaipur,Rajasthan,Premium,2025-10-04,2025-10-10,Wallet,Delivered,1026,Programming Book,Books,Local,2,903.16,551.63,0.0,1806.32,0.0,1806.32,1103.26,703.06
50688,82,Ishita Jain,Female,Jaipur,Rajasthan,New,2025-01-06,2025-01-08,Credit Card,Delivered,1020,Shampoo,Beauty,National,1,4724.9,2913.32,0.0,4724.9,0.0,4724.9,2913.32,1811.58
50033,288,Riya Mehta,Female,Chandigarh,Chandigarh,Premium,2024-05-07,2024-05-13,Net Banking,Delivered,1031,Yoga Mat,Sports,Local,1,3412.53,2005.57,0.0,3412.53,0.0,3412.53,2005.57,1406.96
51011,152,Neha Agarwal,Female,Chennai,Tamil Nadu,Regular,2024-10-16,2024-10-17,UPI,Delivered,1013,T-Shirt,Fashion,Local,1,1702.87,1433.92,0.05,1702.87,85.14,1617.73,1433.92,183.81
51176,13,Kriti Mehta,Female,Jaipur,Rajasthan,Regular,2026-05-07,2026-05-10,Credit Card,Delivered,1009,Storage Box,Home,Global,3,1556.03,1289.6,0.0,4668.09,0.0,4668.09,3868.8,799.29
50195,39,Tanya Khan,Male,Jaipur,Rajasthan,Regular,2025-06-11,2025-06-13,Net Banking,Delivered,1021,Moisturizer,Beauty,Global,1,2179.97,1276.18,0.0,2179.97,0.0,2179.97,1276.18,903.79
51106,32,Aarav Chopra,Male,Jaipur,Rajasthan,Regular,2025-07-10,2025-07-11,Cash,Delivered,1001,Wireless Earbuds,Electronics,Global,3,2096.32,1217.44,0.0,6288.96,0.0,6288.96,3652.32,2636.64
51114,46,Karan Chopra,Male,Ahmedabad,Gujarat,Regular,2024-02-16,,Net Banking,Cancelled,1014,Jeans,Fashion,Local,1,4761.64,2902.05,0.0,4761.64,0.0,4761.64,2902.05,1859.59
51064,208,Meera Sharma,Male,Chennai,Tamil Nadu,Regular,2025-01-23,2025-01-27,Debit Card,Returned,1001,Wireless Earbuds,Electronics,Global,1,2096.32,1217.44,0.0,2096.32,0.0,2096.32,1217.44,878.88
50504,242,Ananya Bansal,Female,Jaipur,Rajasthan,Regular,2025-05-17,2025-05-24,Cash,Delivered,1021,Moisturizer,Beauty,Global,1,2179.97,1276.18,0.15,2179.97,327.0,1852.97,1276.18,576.79
50916,166,Dev Joshi,Female,Jaipur,Rajasthan,Regular,2024-12-13,2024-12-15,Wallet,Shipped,1001,Wireless Earbuds,Electronics,Global,1,2096.32,1217.44,0.1,2096.32,209.63,1886.69,1217.44,669.25
50977,7,Aarav Sharma,Female,Kolkata,West Bengal,Premium,2024-06-08,2024-06-14,Net Banking,Delivered,1024,Hair Serum,Beauty,Local,4,1678.65,1257.73,0.0,6714.6,0.0,6714.6,5030.92,1683.68
51183,120,Arjun Singh,Female,Kolkata,West Bengal,Regular,2026-01-12,2026-01-16,UPI,Delivered,1033,Football,Sports,Global,1,1414.92,1036.3,0.0,1414.92,0.0,1414.92,1036.3,378.62
51088,176,Vivaan Gupta,Male,Mumbai,Maharashtra,Regular,2025-06-05,2025-06-08,Credit Card,Delivered,1003,Bluetooth Speaker,Electronics,Local,2,721.29,594.58,0.05,1442.58,72.13,1370.45,1189.16,181.29
50801,248,Dev Patel,Male,Indore,Madhya Pradesh,New,2025-01-17,2025-01-20,Credit Card,Delivered,1031,Yoga Mat,Sports,Local,1,3412.53,2005.57,0.0,3412.53,0.0,3412.53,2005.57,1406.96
50580,278,Meera Agarwal,Female,Mumbai,Maharashtra,Regular,2025-11-23,2025-11-27,Credit Card,Delivered,1030,Comics,Books,Global,1,2869.89,2348.12,0.0,2869.89,0.0,2869.89,2348.12,521.77
50161,28,Ananya Sharma,Male,Ahmedabad,Gujarat,Regular,2024-11-21,2024-11-25,Net Banking,Delivered,1028,Exam Guide,Books,Global,2,847.54,716.34,0.0,1695.08,0.0,1695.08,1432.68,262.4
50681,203,Riya Patel,Other,Bengaluru,Karnataka,Regular,2025-11-27,2025-11-30,Credit Card,Delivered,1010,Water Bottle,Home,Global,1,2359.62,1449.8,0.05,2359.62,117.98,2241.64,1449.8,791.84
51198,156,Tanya Chopra,Male,Lucknow,Uttar Pradesh,Premium,2026-02-25,2026-03-02,Cash,Delivered,1019,Face Wash,Beauty,Local,2,1116.61,742.63,0.0,2233.22,0.0,2233.22,1485.26,747.96
50163,165,Aman Agarwal,Male,Chandigarh,Chandigarh,Regular,2024-04-11,2024-04-18,Wallet,Delivered,1017,Backpack,Fashion,National,1,903.6,644.09,0.0,903.6,0.0,903.6,644.09,259.51
50822,254,Karan Mehta,Female,Chennai,Tamil Nadu,Regular,2024-01-07,2024-01-12,Net Banking,Delivered,1005,Keyboard,Electronics,National,1,494.6,310.77,0.0,494.6,0.0,494.6,310.77,183.83
50706,231,Tanya Gupta,Female,Chennai,Tamil Nadu,Regular,2024-11-12,2024-11-16,Cash,Delivered,1001,Wireless Earbuds,Electronics,Global,1,2096.32,1217.44,0.1,2096.32,209.63,1886.69,1217.44,669.25
51009,46,Karan Chopra,Male,Ahmedabad,Gujarat,Regular,2025-08-21,2025-08-28,Net Banking,Delivered,1024,Hair Serum,Beauty,Local,2,1678.65,1257.73,0.0,3357.3,0.0,3357.3,2515.46,841.84
50878,97,Kabir Singh,Female,Ahmedabad,Gujarat,New,2026-06-05,2026-06-11,Credit Card,Delivered,1016,Sneakers,Fashion,Global,2,3204.04,2097.3,0.15,6408.08,961.21,5446.87,4194.6,1252.27
50896,212,Aditi Bansal,Male,Hyderabad,Telangana,New,2024-10-08,2024-10-10,Credit Card,Delivered,1012,Wall Clock,Home,Local,2,431.0,282.38,0.2,862.0,172.4,689.6,564.76,124.84
50914,116,Rohan Sharma,Female,Lucknow,Uttar Pradesh,Premium,2026-04-20,2026-04-25,UPI,Delivered,1012,Wall Clock,Home,Local,2,431.0,282.38,0.0,862.0,0.0,862.0,564.76,297.24
51199,94,Priya Sharma,Female,Indore,Madhya Pradesh,Regular,2026-05-30,2026-06-01,Credit Card,Shipped,1008,Bedsheet,Home,Global,3,1858.88,1381.04,0.1,5576.64,557.66,5018.98,4143.12,875.86
50153,154,Pooja Sharma,Female,Chennai,Tamil Nadu,Regular,2026-02-24,2026-03-01,Wallet,Delivered,1017,Backpack,Fashion,National,1,903.6,644.09,,903.6,0.0,903.6,644.09,259.51
50979,166,Dev Joshi,Female,Jaipur,Rajasthan,Regular,2024-11-13,2024-11-17,Net Banking,Delivered,1013,T-Shirt,Fashion,Local,1,1702.87,1433.92,0.2,1702.87,340.57,1362.3,1433.92,-71.62
51003,187,Neha Patel,Female,Delhi,Delhi,Regular,2025-06-01,2025-06-08,Wallet,Delivered,1035,Dumbbells,Sports,National,2,1867.02,1495.81,0.0,3734.04,0.0,3734.04,2991.62,742.42
50510,171,Nisha Verma,Male,Jaipur,Rajasthan,New,2025-07-28,2025-07-31,Credit Card,Delivered,1033,Football,Sports,Global,1,1414.92,1036.3,0.1,1414.92,141.49,1273.43,1036.3,237.13
50112,190,Vivaan Gupta,Female,Chandigarh,Chandigarh,Regular,2024-05-15,2024-05-21,Cash,Delivered,1033,Football,Sports,Global,1,1414.92,1036.3,0.15,1414.92,212.24,1202.68,1036.3,166.38
50227,129,Neha Verma,Other,Bengaluru,Karnataka,Regular,2026-04-02,2026-04-03,Wallet,Delivered,1001,Wireless Earbuds,Electronics,Global,3,2096.32,1217.44,0.0,6288.96,0.0,6288.96,3652.32,2636.64
50986,16,Aditi Patel,Female,Bengaluru,Karnataka,Premium,2025-07-09,2025-07-13,Wallet,Delivered,1006,Mouse,Electronics,Local,2,969.37,755.17,0.0,1938.74,0.0,1938.74,1510.34,428.4
50852,241,Priya Mehta,Female,Bengaluru,Karnataka,Premium,2026-01-28,2026-02-04,Net Banking,Delivered,1035,Dumbbells,Sports,National,2,1867.02,1495.81,0.1,3734.04,373.4,3360.64,2991.62,369.02
50104,125,Aditi Bansal,Female,Chennai,Tamil Nadu,New,2025-09-13,2025-09-18,Net Banking,Delivered,1030,Comics,Books,Global,1,2869.89,2348.12,0.0,2869.89,0.0,2869.89,2348.12,521.77
50422,283,Tanya Bansal,Female,Kolkata,West Bengal,New,2024-01-01,2024-01-06,Wallet,Delivered,1007,Table Lamp,Home,Local,1,2919.43,1909.82,0.0,2919.43,0.0,2919.43,1909.82,1009.61
50420,176,Vivaan Gupta,Male,Mumbai,Maharashtra,Regular,2024-01-21,2024-01-28,Wallet,Delivered,1008,Bedsheet,Home,Global,2,1858.88,1381.04,0.0,3717.76,0.0,3717.76,2762.08,955.68
50625,135,Rahul Chopra,Male,Delhi,Delhi,Regular,2024-08-09,2024-08-15,Cash,Returned,1030,Comics,Books,Global,2,2869.89,2348.12,0.1,5739.78,573.98,5165.8,4696.24,469.56
50587,140,Arjun Mehta,Female,Ahmedabad,Gujarat,Regular,2024-04-08,2024-04-13,Debit Card,Delivered,1023,Sunscreen,Beauty,Local,1,2823.99,1634.38,0.0,2823.99,0.0,2823.99,1634.38,1189.61
51061,16,Aditi Patel,Female,Bengaluru,Karnataka,Premium,2024-03-31,2024-04-07,Net Banking,Delivered,1010,Water Bottle,Home,Global,1,2359.62,1449.8,0.15,2359.62,353.94,2005.68,1449.8,555.88
50920,164,Kabir Mehta,Male,Chennai,Tamil Nadu,Regular,2026-05-19,2026-05-26,Net Banking,Delivered,1024,Hair Serum,Beauty,Local,2,1678.65,1257.73,0.0,3357.3,0.0,3357.3,2515.46,841.84
50673,286,Rahul Chopra,Male,Kolkata,West Bengal,Regular,2025-03-30,2025-03-31,UPI,Returned,1001,Wireless Earbuds,Electronics,Global,1,2096.32,1217.44,0.0,2096.32,0.0,2096.32,1217.44,878.88
50120,39,Tanya Khan,Male,Jaipur,Rajasthan,Regular,2025-06-23,2025-06-29,Wallet,Delivered,1027,Data Science Book,Books,Local,2,276.54,194.56,0.05,553.08,27.65,525.43,389.12,136.31
50054,126,Simran Patel,Male,Ahmedabad,Gujarat,Regular,2024-10-28,2024-11-03,Cash,Delivered,1032,Cricket Bat,Sports,Global,1,2636.49,1926.4,0.05,2636.49,131.82,2504.67,1926.4,578.27
50152,290,Ishita Mehta,Male,Pune,Maharashtra,Regular,2026-04-29,2026-05-04,Debit Card,Shipped,1012,Wall Clock,Home,Local,1,431.0,282.38,0.0,431.0,0.0,431.0,282.38,148.62
50404,126,Simran Patel,Male,Ahmedabad,Gujarat,Regular,2025-05-05,2025-05-08,Credit Card,Delivered,1029,Biography,Books,Global,2,1136.3,716.7,0.0,2272.6,0.0,2272.6,1433.4,839.2
51189,40,Rahul Jain,Female,Lucknow,Uttar Pradesh,New,2024-10-29,2024-11-02,Cash,Shipped,1013,T-Shirt,Fashion,Local,1,1702.87,1433.92,0.0,1702.87,0.0,1702.87,1433.92,268.95
50208,47,Dev Singh,Male,Hyderabad,Telangana,New,2025-11-09,,Net Banking,Cancelled,1020,Shampoo,Beauty,National,2,4724.9,2913.32,0.1,9449.8,944.98,8504.82,5826.64,2678.18
51135,132,Dev Sharma,Male,Pune,Maharashtra,Premium,2025-04-09,,Debit Card,Cancelled,1034,Skipping Rope,Sports,Global,1,2452.91,1835.2,,2452.91,0.0,2452.91,1835.2,617.71
50659,137,Tanya Mehta,Female,Chandigarh,Chandigarh,New,2024-11-09,2024-11-16,Wallet,Delivered,1022,Perfume,Beauty,Global,1,3417.35,2777.34,0.1,3417.35,341.74,3075.61,2777.34,298.27
51097,261,Advik Patel,Male,Bengaluru,Karnataka,Regular,2025-09-13,2025-09-17,Cash,Delivered,1024,Hair Serum,Beauty,Local,1,1678.65,1257.73,0.05,1678.65,83.93,1594.72,1257.73,336.99
50233,45,Priya Patel,Male,Indore,Madhya Pradesh,Premium,2025-02-04,2025-02-10,Net Banking,Delivered,1002,Smartwatch,Electronics,National,1,3606.11,2372.12,0.1,3606.11,360.61,3245.5,2372.12,873.38
50009,52,Meera Mehta,Female,Bengaluru,Karnataka,Regular,2025-05-08,2025-05-10,Cash,Delivered,1035,Dumbbells,Sports,National,1,1867.02,1495.81,0.0,1867.02,0.0,1867.02,1495.81,371.21
50160,100,Vivaan Jain,Female,Lucknow,Uttar Pradesh,Premium,2025-09-12,2025-09-15,Net Banking,Delivered,1034,Skipping Rope,Sports,Global,1,2452.91,1835.2,0.2,2452.91,490.58,1962.33,1835.2,127.13
50037,40,Rahul Jain,Female,Lucknow,Uttar Pradesh,New,2026-02-23,2026-03-02,Cash,Delivered,1029,Biography,Books,Global,1,1136.3,716.7,0.05,1136.3,56.82,1079.48,716.7,362.78
50453,284,Riya Sharma,Female,Chennai,Tamil Nadu,New,2025-12-21,2025-12-22,Debit Card,Delivered,1002,Smartwatch,Electronics,National,1,3606.11,2372.12,0.05,3606.11,180.31,3425.8,2372.12,1053.68
50652,156,Tanya Chopra,Male,Lucknow,Uttar Pradesh,Premium,2024-10-25,2024-10-30,Debit Card,Delivered,1007,Table Lamp,Home,Local,1,2919.43,1909.82,0.05,2919.43,145.97,2773.46,1909.82,863.64
50254,204,Priya Bansal,Male,Lucknow,Uttar Pradesh,Regular,2024-06-09,2024-06-14,UPI,Delivered,1022,Perfume,Beauty,Global,1,3417.35,2777.34,0.15,3417.35,512.6,2904.75,2777.34,127.41
50304,246,Aditi Gupta,Male,Pune,Maharashtra,New,2025-08-23,2025-08-29,Debit Card,Delivered,1021,Moisturizer,Beauty,Global,1,2179.97,1276.18,0.15,2179.97,327.0,1852.97,1276.18,576.79
50897,263,Aarav Verma,Male,Lucknow,Uttar Pradesh,New,2024-12-30,2025-01-05,UPI,Shipped,1026,Programming Book,Books,Local,1,903.16,551.63,0.0,903.16,0.0,903.16,551.63,351.53
51049,25,Dev Bansal,Male,Jaipur,Rajasthan,Premium,2026-03-16,2026-03-18,Cash,Delivered,1019,Face Wash,Beauty,Local,2,1116.61,742.63,0.15,2233.22,334.98,1898.24,1485.26,412.98
50881,228,Vivaan Joshi,Female,Ahmedabad,Gujarat,Regular,2026-04-13,2026-04-19,Credit Card,Delivered,1014,Jeans,Fashion,Local,1,4761.64,2902.05,,4761.64,0.0,4761.64,2902.05,1859.59
50572,102,Pooja Sharma,Female,Hyderabad,Telangana,Regular,2025-03-04,2025-03-08,Credit Card,Delivered,1020,Shampoo,Beauty,National,2,4724.9,2913.32,0.2,9449.8,1889.96,7559.84,5826.64,1733.2
50624,43,Kriti Patel,Male,Mumbai,Maharashtra,New,2024-04-04,2024-04-06,Wallet,Delivered,1014,Jeans,Fashion,Local,1,4761.64,2902.05,0.0,4761.64,0.0,4761.64,2902.05,1859.59
51145,95,Tanya Sharma,Male,Delhi,Delhi,Regular,2024-05-21,2024-05-28,Wallet,Delivered,1014,Jeans,Fashion,Local,1,4761.64,2902.05,0.0,4761.64,0.0,4761.64,2902.05,1859.59
51031,147,Riya Bansal,Male,Hyderabad,Telangana,Regular,2026-02-18,2026-02-22,Cash,Delivered,1027,Data Science Book,Books,Local,2,276.54,194.56,0.05,553.08,27.65,525.43,389.12,136.31
51146,288,Riya Mehta,Female,Chandigarh,Chandigarh,Premium,2024-05-03,2024-05-07,Debit Card,Delivered,1033,Football,Sports,Global,1,1414.92,1036.3,0.0,1414.92,0.0,1414.92,1036.3,378.62
50263,246,Aditi Gupta,Male,Pune,Maharashtra,New,2024-04-22,2024-04-25,Wallet,Delivered,1025,Novel,Books,Local,1,3152.83,1822.24,0.2,3152.83,630.57,2522.26,1822.24,700.02
50611,80,Meera Bansal,Female,Lucknow,Uttar Pradesh,Regular,2024-01-07,2024-01-09,Credit Card,Delivered,1016,Sneakers,Fashion,Global,1,3204.04,2097.3,0.0,3204.04,0.0,3204.04,2097.3,1106.74
50298,58,Rohan Jain,Male,Delhi,Delhi,Regular,2024-10-14,2024-10-17,Cash,Delivered,1019,Face Wash,Beauty,Local,1,1116.61,742.63,0.0,1116.61,0.0,1116.61,742.63,373.98
50990,234,Rohan Joshi,Male,Indore,Madhya Pradesh,Premium,2025-10-01,2025-10-05,UPI,Delivered,1025,Novel,Books,Local,4,3152.83,1822.24,0.1,12611.32,1261.13,11350.19,7288.96,4061.23
50415,144,Nisha Jain,Male,Mumbai,Maharashtra,Regular,2025-01-18,,Cash,Cancelled,1015,Hoodie,Fashion,Global,2,256.42,195.5,0.15,512.84,76.93,435.91,391.0,44.91
50151,53,Nisha Mehta,Male,Bengaluru,Karnataka,Regular,2025-02-11,2025-02-18,Wallet,Delivered,1004,Power Bank,Electronics,National,1,2950.53,1863.18,0.1,2950.53,295.05,2655.48,1863.18,792.3
50946,15,Manav Bansal,Female,Jaipur,Rajasthan,Regular,2025-11-17,2025-11-22,Cash,Delivered,1003,Bluetooth Speaker,Electronics,Local,2,721.29,594.58,0.1,1442.58,144.26,1298.32,1189.16,109.16
50473,119,Arjun Jain,Female,Indore,Madhya Pradesh,Regular,2024-08-25,2024-08-29,Credit Card,Delivered,1017,Backpack,Fashion,National,1,903.6,644.09,0.0,903.6,0.0,903.6,644.09,259.51
50953,111,Arjun Singh,Female,Indore,Madhya Pradesh,Regular,2024-03-30,2024-04-01,Net Banking,Shipped,1032,Cricket Bat,Sports,Global,1,2636.49,1926.4,0.0,2636.49,0.0,2636.49,1926.4,710.09
50988,76,Kabir Jain,Male,Chennai,Tamil Nadu,Premium,2026-06-16,,Debit Card,Cancelled,1004,Power Bank,Electronics,National,2,2950.53,1863.18,0.1,5901.06,590.11,5310.95,3726.36,1584.59
50779,159,Aman Jain,Female,Mumbai,Maharashtra,Regular,2025-12-15,,Cash,Cancelled,1017,Backpack,Fashion,National,1,903.6,644.09,0.0,903.6,0.0,903.6,644.09,259.51
50641,252,Yash Chopra,Female,Indore,Madhya Pradesh,Regular,2025-12-02,2025-12-03,Credit Card,Delivered,1022,Perfume,Beauty,Global,2,3417.35,2777.34,0.0,6834.7,0.0,6834.7,5554.68,1280.02
51190,45,Priya Patel,Male,Indore,Madhya Pradesh,Premium,2026-06-16,2026-06-18,Cash,Delivered,1027,Data Science Book,Books,Local,1,276.54,194.56,0.0,276.54,0.0,276.54,194.56,81.98
51143,147,Riya Bansal,Male,Hyderabad,Telangana,Regular,2025-03-04,2025-03-08,Wallet,Delivered,1006,Mouse,Electronics,Local,1,969.37,755.17,0.2,969.37,193.87,775.5,755.17,20.33
50551,21,Rahul Singh,Female,Hyderabad,Telangana,New,2024-07-18,,Net Banking,Cancelled,1020,Shampoo,Beauty,National,1,4724.9,2913.32,0.1,4724.9,472.49,4252.41,2913.32,1339.09
50640,137,Tanya Mehta,Female,Chandigarh,Chandigarh,New,2025-01-10,2025-01-13,Credit Card,Delivered,1007,Table Lamp,Home,Local,2,2919.43,1909.82,0.2,5838.86,1167.77,4671.09,3819.64,851.45
50936,170,Yash Gupta,Male,Bengaluru,Karnataka,Regular,2024-02-08,2024-02-11,Net Banking,Delivered,1021,Moisturizer,Beauty,Global,3,2179.97,1276.18,0.05,6539.91,327.0,6212.91,3828.54,2384.37
50929,173,Kriti Chopra,Female,Delhi,Delhi,Regular,2026-01-04,2026-01-07,Wallet,Delivered,1014,Jeans,Fashion,Local,4,4761.64,2902.05,0.0,19046.56,0.0,19046.56,11608.2,7438.36
50489,32,Aarav Chopra,Male,Jaipur,Rajasthan,Regular,2026-02-21,2026-02-23,Net Banking,Shipped,1011,Cushion Set,Home,Local,2,2158.18,1240.02,0.1,4316.36,431.64,3884.72,2480.04,1404.68
50820,256,Ishita Patel,Male,Kolkata,West Bengal,Regular,2025-12-21,2025-12-24,Cash,Delivered,1009,Storage Box,Home,Global,2,1556.03,1289.6,,3112.06,0.0,3112.06,2579.2,532.86
50711,278,Meera Agarwal,Female,Mumbai,Maharashtra,Regular,2026-04-17,2026-04-19,Wallet,Delivered,1002,Smartwatch,Electronics,National,1,3606.11,2372.12,0.0,3606.11,0.0,3606.11,2372.12,1233.99
51081,76,Kabir Jain,Male,Chennai ,Tamil Nadu,Premium,2024-01-09,2024-01-13,Net Banking,Delivered,1034,Skipping Rope,Sports,Global,1,2452.91,1835.2,0.0,2452.91,0.0,2452.91,1835.2,617.71
50148,215,Rahul Joshi,Female,Hyderabad,Telangana,Regular,2025-09-23,2025-09-29,Debit Card,Delivered,1029,Biography,Books,Global,1,1136.3,716.7,0.15,1136.3,170.44,965.86,716.7,249.16
50147,144,Nisha Jain,Male,Mumbai,Maharashtra,Regular,2024-12-23,2024-12-30,Credit Card,Delivered,1026,Programming Book,Books,Local,1,903.16,551.63,0.0,903.16,0.0,903.16,551.63,351.53
51175,280,Vivaan Verma,Female,Hyderabad,Telangana,New,2025-05-25,2025-06-01,Wallet,Delivered,1002,Smartwatch,Electronics,National,2,3606.11,2372.12,0.0,7212.22,0.0,7212.22,4744.24,2467.98
50963,60,Nisha Bansal,Female,Ahmedabad,Gujarat,New,2025-04-26,2025-05-01,Net Banking,Delivered,1035,Dumbbells,Sports,National,2,1867.02,1495.81,0.15,3734.04,560.11,3173.93,2991.62,182.31
50346,182,Aditi Mehta,Male,Chandigarh,Chandigarh,Premium,2026-03-27,2026-03-29,Cash,Delivered,1030,Comics,Books,Global,1,2869.89,2348.12,,2869.89,0.0,2869.89,2348.12,521.77
50403,152,Neha Agarwal,Female,Chennai,Tamil Nadu,Regular,2025-06-14,2025-06-19,UPI,Delivered,1024,Hair Serum,Beauty,Local,1,1678.65,1257.73,0.15,1678.65,251.8,1426.85,1257.73,169.12
50932,164,Kabir Mehta,Male,Chennai,Tamil Nadu,Regular,2025-06-08,2025-06-12,Net Banking,Delivered,1007,Table Lamp,Home,Local,2,2919.43,1909.82,0.0,5838.86,0.0,5838.86,3819.64,2019.22
50955,44,Aman Agarwal,Male,Lucknow,Uttar Pradesh,Regular,2024-03-18,2024-03-23,UPI,Delivered,1004,Power Bank,Electronics,National,1,2950.53,1863.18,0.0,2950.53,0.0,2950.53,1863.18,1087.35
51125,45,Priya Patel,Male,Indore,Madhya Pradesh,Premium,2024-03-20,2024-03-24,Net Banking,Shipped,1014,Jeans,Fashion,Local,3,4761.64,2902.05,,14284.92,0.0,14284.92,8706.15,5578.77
50660,293,Neha Gupta,Female,Kolkata,West Bengal,Regular,2025-11-20,2025-11-27,Wallet,Returned,1033,Football,Sports,Global,1,1414.92,1036.3,0.05,1414.92,70.75,1344.17,1036.3,307.87
50464,90,Ananya Bansal,Male,Bengaluru,Karnataka,Regular,2024-11-29,2024-12-02,Credit Card,Delivered,1020,Shampoo,Beauty,National,1,4724.9,2913.32,0.2,4724.9,944.98,3779.92,2913.32,866.6
50187,193,Nisha Agarwal,Female,Ahmedabad,Gujarat,Regular,2025-02-04,2025-02-09,Net Banking,Delivered,1029,Biography,Books,Global,1,1136.3,716.7,0.1,1136.3,113.63,1022.67,716.7,305.97
50609,73,Rohan Joshi,Male,Hyderabad,Telangana,New,2025-12-01,2025-12-02,Debit Card,Delivered,1027,Data Science Book,Books,Local,3,276.54,194.56,0.1,829.62,82.96,746.66,583.68,162.98
50144,232,Arjun Khan,Female,Chennai,Tamil Nadu,New,2025-10-09,2025-10-10,UPI,Delivered,1001,Wireless Earbuds,Electronics,Global,2,2096.32,1217.44,0.1,4192.64,419.26,3773.38,2434.88,1338.5
50752,288,Riya Mehta,Female,Chandigarh,Chandigarh,Premium,2024-03-26,2024-03-29,UPI,Delivered,1009,Storage Box,Home,Global,4,1556.03,1289.6,0.1,6224.12,622.41,5601.71,5158.4,443.31
50982,88,Karan Khan,Male,Chandigarh,Chandigarh,Regular,2025-04-06,2025-04-09,Net Banking,Delivered,1019,Face Wash,Beauty,Local,1,1116.61,742.63,0.0,1116.61,0.0,1116.61,742.63,373.98
50198,292,Advik Chopra,Male,Lucknow,Uttar Pradesh,New,2024-03-21,,Credit Card,Cancelled,1015,Hoodie,Fashion,Global,2,256.42,195.5,0.05,512.84,25.64,487.2,391.0,96.2
50884,61,Rahul Bansal,Male,Chandigarh,Chandigarh,Regular,2025-09-03,2025-09-09,UPI,Delivered,1012,Wall Clock,Home,Local,1,431.0,282.38,0.2,431.0,86.2,344.8,282.38,62.42
50280,82,Ishita Jain,Female,Jaipur,Rajasthan,New,2026-04-24,2026-05-01,Cash,Delivered,1019,Face Wash,Beauty,Local,2,1116.61,742.63,0.0,2233.22,0.0,2233.22,1485.26,747.96
50294,103,Neha Singh,Male,Hyderabad,Telangana,New,2025-11-13,2025-11-19,UPI,Delivered,1032,Cricket Bat,Sports,Global,1,2636.49,1926.4,0.15,2636.49,395.47,2241.02,1926.4,314.62
51089,233,Aarav Patel,Female,Chennai,Tamil Nadu,Regular,2025-12-28,2026-01-03,Wallet,Delivered,1027,Data Science Book,Books,Local,1,276.54,194.56,0.0,276.54,0.0,276.54,194.56,81.98
50401,101,Yash Chopra,Female,Jaipur,Rajasthan,Regular,2026-01-27,2026-02-02,UPI,Delivered,1028,Exam Guide,Books,Global,1,847.54,716.34,,847.54,0.0,847.54,716.34,131.2
50123,146,Meera Bansal,Other,Pune,Maharashtra,Regular,2025-02-23,2025-02-27,UPI,Delivered,1030,Comics,Books,Global,1,2869.89,2348.12,0.1,2869.89,286.99,2582.9,2348.12,234.78
50203,168,Nisha Bansal,Female,Chennai,Tamil Nadu,Regular,2024-12-04,2024-12-10,Net Banking,Delivered,1027,Data Science Book,Books,Local,1,276.54,194.56,0.0,276.54,0.0,276.54,194.56,81.98
50836,269,Arjun Joshi,Female,Chandigarh,Chandigarh,Regular,2024-10-29,2024-11-01,Wallet,Delivered,1029,Biography,Books,Global,2,1136.3,716.7,0.0,2272.6,0.0,2272.6,1433.4,839.2
50247,136,Riya Joshi,Male,Jaipur,Rajasthan,Regular,2024-07-19,2024-07-23,Net Banking,Delivered,1032,Cricket Bat,Sports,Global,1,2636.49,1926.4,0.0,2636.49,0.0,2636.49,1926.4,710.09
51140,200,Karan Singh,Female,Bengaluru,Karnataka,Regular,2026-06-11,2026-06-18,Cash,Delivered,1004,Power Bank,Electronics,National,2,2950.53,1863.18,0.15,5901.06,885.16,5015.9,3726.36,1289.54
50385,29,Meera Singh,Male,Jaipur,Rajasthan,Regular,2024-02-04,2024-02-06,Wallet,Delivered,1013,T-Shirt,Fashion,Local,3,1702.87,1433.92,0.15,5108.61,766.29,4342.32,4301.76,40.56
50855,135,Rahul Chopra,Male,Delhi,Delhi,Regular,2024-01-01,2024-01-07,UPI,Delivered,1029,Biography,Books,Global,1,1136.3,716.7,0.05,1136.3,56.82,1079.48,716.7,362.78
50220,47,Dev Singh,Male,Hyderabad,Telangana,New,2025-07-28,2025-07-30,Wallet,Delivered,1005,Keyboard,Electronics,National,1,494.6,310.77,0.15,494.6,74.19,420.41,310.77,109.64
50642,38,Priya Patel,Male,Hyderabad,Telangana,Regular,2024-05-15,2024-05-16,Debit Card,Delivered,1028,Exam Guide,Books,Global,1,847.54,716.34,0.05,847.54,42.38,805.16,716.34,88.82
50002,159,Aman Jain,Female,Mumbai,Maharashtra,Regular,2025-05-03,2025-05-04,Credit Card,Delivered,1004,Power Bank,Electronics,National,2,2950.53,1863.18,0.15,5901.06,885.16,5015.9,3726.36,1289.54
50113,106,Kriti Agarwal,Female,Mumbai,Maharashtra,Regular,2024-12-28,2025-01-02,UPI,Delivered,1009,Storage Box,Home,Global,2,1556.03,1289.6,0.0,3112.06,0.0,3112.06,2579.2,532.86
50699,253,Simran Khan,Female,Indore,Madhya Pradesh,Regular,2026-05-05,,UPI,Cancelled,1019,Face Wash,Beauty,Local,2,1116.61,742.63,0.1,2233.22,223.32,2009.9,1485.26,524.64
50952,234,Rohan Joshi,Male,Indore,Madhya Pradesh,Premium,2024-10-04,2024-10-11,Wallet,Shipped,1035,Dumbbells,Sports,National,2,1867.02,1495.81,0.15,3734.04,560.11,3173.93,2991.62,182.31
51079,60,Nisha Bansal,Female,Ahmedabad,Gujarat,New,2025-08-22,2025-08-28,Cash,Delivered,1022,Perfume,Beauty,Global,2,3417.35,2777.34,0.1,6834.7,683.47,6151.23,5554.68,596.55
50442,57,Nisha Agarwal,Female,Jaipur,Rajasthan,Regular,2025-04-26,,Net Banking,Cancelled,1001,Wireless Earbuds,Electronics,Global,2,2096.32,1217.44,0.05,4192.64,209.63,3983.01,2434.88,1548.13
50664,145,Vivaan Agarwal,Female,Pune,Maharashtra,Regular,2026-01-13,2026-01-16,Cash,Delivered,1021,Moisturizer,Beauty,Global,2,2179.97,1276.18,0.1,4359.94,435.99,3923.95,2552.36,1371.59
51197,19,Meera Verma,Female,Kolkata,West Bengal,Regular,2024-10-16,2024-10-22,Wallet,Delivered,1019,Face Wash,Beauty,Local,1,1116.61,742.63,0.05,1116.61,55.83,1060.78,742.63,318.15
50318,145,Vivaan Agarwal,Female,Pune,Maharashtra,Regular,2024-11-22,2024-11-28,UPI,Delivered,1035,Dumbbells,Sports,National,1,1867.02,1495.81,0.0,1867.02,0.0,1867.02,1495.81,371.21
50649,292,Advik Chopra,Male,Lucknow,Uttar Pradesh,New,2024-12-10,2024-12-13,UPI,Delivered,1002,Smartwatch,Electronics,National,1,3606.11,2372.12,0.05,3606.11,180.31,3425.8,2372.12,1053.68
50710,54,Tanya Verma,Female,Ahmedabad,Gujarat,Premium,2026-06-08,2026-06-14,UPI,Shipped,1022,Perfume,Beauty,Global,1,3417.35,2777.34,0.05,3417.35,170.87,3246.48,2777.34,469.14
50973,227,Ishita Singh,Female,Kolkata,West Bengal,Premium,2026-05-13,2026-05-15,UPI,Delivered,1032,Cricket Bat,Sports,Global,1,2636.49,1926.4,0.1,2636.49,263.65,2372.84,1926.4,446.44
50628,234,Rohan Joshi,Male,Indore,Madhya Pradesh,Premium,2025-11-05,2025-11-07,Credit Card,Delivered,1028,Exam Guide,Books,Global,1,847.54,716.34,0.0,847.54,0.0,847.54,716.34,131.2
50633,189,Simran Agarwal,Male,Bengaluru,Karnataka,Regular,2025-03-30,2025-04-04,Credit Card,Delivered,1019,Face Wash,Beauty,Local,2,1116.61,742.63,0.1,2233.22,223.32,2009.9,1485.26,524.64
51172,183,Manav Sharma,Female,Lucknow,Uttar Pradesh,New,2024-12-02,2024-12-06,UPI,Delivered,1013,T-Shirt,Fashion,Local,4,1702.87,1433.92,0.1,6811.48,681.15,6130.33,5735.68,394.65
51107,201,Tanya Sharma,Female,Lucknow,Uttar Pradesh,Regular,2024-08-09,2024-08-16,Credit Card,Returned,1014,Jeans,Fashion,Local,1,4761.64,2902.05,0.0,4761.64,0.0,4761.64,2902.05,1859.59
50796,112,Nisha Mehta,Male,Ahmedabad,Gujarat,Regular,2025-07-11,2025-07-14,Cash,Delivered,1010,Water Bottle,Home,Global,1,2359.62,1449.8,,2359.62,0.0,2359.62,1449.8,909.82
50646,39,Tanya Khan,Male,Jaipur,Rajasthan,Regular,2024-02-22,2024-02-26,UPI,Delivered,1004,Power Bank,Electronics,National,3,2950.53,1863.18,0.1,8851.59,885.16,7966.43,5589.54,2376.89
51013,152,Neha Agarwal,Female,Chennai,Tamil Nadu,Regular,2024-12-25,2025-01-01,UPI,Delivered,1023,Sunscreen,Beauty,Local,1,2823.99,1634.38,0.1,2823.99,282.4,2541.59,1634.38,907.21
50557,6,Dev Bansal,Male,Lucknow,Uttar Pradesh,Regular,2025-09-28,2025-10-04,Net Banking,Delivered,1002,Smartwatch,Electronics,National,1,3606.11,2372.12,0.1,3606.11,360.61,3245.5,2372.12,873.38
50682,23,Riya Mehta,Male,Indore,Madhya Pradesh,Regular,2024-06-03,2024-06-04,Net Banking,Delivered,1006,Mouse,Electronics,Local,2,969.37,755.17,0.05,1938.74,96.94,1841.8,1510.34,331.46
50578,55,Simran Jain,Male,Pune,Maharashtra,Regular,2026-04-14,2026-04-16,Credit Card,Returned,1024,Hair Serum,Beauty,Local,1,1678.65,1257.73,0.1,1678.65,167.86,1510.79,1257.73,253.06
50525,88,Karan Khan,Male,Chandigarh,Chandigarh,Regular,2024-08-04,2024-08-10,UPI,Delivered,1031,Yoga Mat,Sports,Local,1,3412.53,2005.57,0.0,3412.53,0.0,3412.53,2005.57,1406.96
51060,13,Kriti Mehta,Female,Jaipur,Rajasthan,Regular,2024-10-29,2024-11-04,Credit Card,Delivered,1014,Jeans,Fashion,Local,1,4761.64,2902.05,0.0,4761.64,0.0,4761.64,2902.05,1859.59
50541,169,Tanya Khan,Male,Mumbai,Maharashtra,Premium,2025-04-08,2025-04-11,Cash,Delivered,1020,Shampoo,Beauty,National,1,4724.9,2913.32,0.0,4724.9,0.0,4724.9,2913.32,1811.58
50749,295,Sanya Verma,Male,Delhi,Delhi,Regular,2025-10-29,2025-11-05,Debit Card,Delivered,1015,Hoodie,Fashion,Global,1,256.42,195.5,0.1,256.42,25.64,230.78,195.5,35.28
51110,246,Aditi Gupta,Male,Pune,Maharashtra,New,2024-09-28,2024-09-30,Net Banking,Returned,1018,Watch,Fashion,National,1,2767.2,2038.19,0.0,2767.2,0.0,2767.2,2038.19,729.01
50485,210,Meera Khan,Female,Jaipur,Rajasthan,Regular,2026-01-10,2026-01-12,Credit Card,Delivered,1023,Sunscreen,Beauty,Local,1,2823.99,1634.38,0.0,2823.99,0.0,2823.99,1634.38,1189.61
50096,201,Tanya Sharma,Female,Lucknow,Uttar Pradesh,Regular,2025-10-21,2025-10-26,Debit Card,Delivered,1004,Power Bank,Electronics,National,2,2950.53,1863.18,0.0,5901.06,0.0,5901.06,3726.36,2174.7
51021,276,Manav Gupta,Female,Jaipur,Rajasthan,Regular,2024-12-18,2024-12-22,Cash,Delivered,1011,Cushion Set,Home,Local,2,2158.18,1240.02,0.0,4316.36,0.0,4316.36,2480.04,1836.32
50564,1,Advik Jain,Female,Indore,Madhya Pradesh,Regular,2024-07-06,2024-07-07,Wallet,Delivered,1036,Sports Bottle,Sports,Global,1,4088.91,2569.4,0.0,4088.91,0.0,4088.91,2569.4,1519.51
50743,152,Neha Agarwal,Female,Chennai,Tamil Nadu,Regular,2025-09-14,2025-09-15,Debit Card,Delivered,1008,Bedsheet,Home,Global,1,1858.88,1381.04,0.0,1858.88,0.0,1858.88,1381.04,477.84
50864,269,Arjun Joshi,Female,Chandigarh,Chandigarh,Regular,2024-07-09,2024-07-13,Net Banking,Shipped,1008,Bedsheet,Home,Global,2,1858.88,1381.04,0.1,3717.76,371.78,3345.98,2762.08,583.9
50892,17,Ishita Chopra,Male,Indore,Madhya Pradesh,New,2024-09-09,2024-09-11,Cash,Delivered,1010,Water Bottle,Home,Global,1,2359.62,1449.8,0.0,2359.62,0.0,2359.62,1449.8,909.82
51039,255,Priya Joshi,Male,Hyderabad,Telangana,Regular,2026-01-09,2026-01-14,Net Banking,Delivered,1018,Watch,Fashion,National,1,2767.2,2038.19,0.0,2767.2,0.0,2767.2,2038.19,729.01
50207,57,Nisha Agarwal,Female,Jaipur,Rajasthan,Regular,2026-04-25,2026-04-30,Debit Card,Delivered,1033,Football,Sports,Global,1,1414.92,1036.3,0.0,1414.92,0.0,1414.92,1036.3,378.62
50393,26,Arjun Joshi,Other,Mumbai,Maharashtra,Regular,2026-01-19,2026-01-26,Net Banking,Returned,1024,Hair Serum,Beauty,Local,1,1678.65,1257.73,0.0,1678.65,0.0,1678.65,1257.73,420.92
50795,55,Simran Jain,Male,Pune,Maharashtra,Regular,2024-11-02,2024-11-03,UPI,Delivered,1033,Football,Sports,Global,2,1414.92,1036.3,0.0,2829.84,0.0,2829.84,2072.6,757.24
50871,21,Rahul Singh,Female,Hyderabad,Telangana,New,2025-05-08,2025-05-10,Wallet,Delivered,1010,Water Bottle,Home,Global,1,2359.62,1449.8,0.0,2359.62,0.0,2359.62,1449.8,909.82
50398,158,Simran Agarwal,Male,Pune,Maharashtra,Regular,2025-08-11,2025-08-13,UPI,Delivered,1021,Moisturizer,Beauty,Global,1,2179.97,1276.18,0.05,2179.97,109.0,2070.97,1276.18,794.79
50767,207,Kriti Gupta,Female,Pune,Maharashtra,Regular,2024-10-08,2024-10-11,Cash,Delivered,1029,Biography,Books,Global,1,1136.3,716.7,0.15,1136.3,170.44,965.86,716.7,249.16
51100,298,Rahul Gupta,Female,Delhi,Delhi,New,2026-04-11,2026-04-13,Net Banking,Delivered,1007,Table Lamp,Home,Local,2,2919.43,1909.82,0.1,5838.86,583.89,5254.97,3819.64,1435.33
51029,275,Manav Verma,Male,Ahmedabad,Gujarat,Premium,2026-01-08,2026-01-11,Net Banking,Delivered,1010,Water Bottle,Home,Global,3,2359.62,1449.8,0.0,7078.86,0.0,7078.86,4349.4,2729.46
50643,161,Arjun Verma,Female,Kolkata,West Bengal,Regular,2025-11-17,2025-11-22,Wallet,Delivered,1016,Sneakers,Fashion,Global,1,3204.04,2097.3,0.0,3204.04,0.0,3204.04,2097.3,1106.74
50613,259,Kabir Bansal,Female,Kolkata,West Bengal,New,2024-04-12,2024-04-13,UPI,Delivered,1006,Mouse,Electronics,Local,3,969.37,755.17,0.05,2908.11,145.41,2762.7,2265.51,497.19
50961,236,Nisha Jain,Male,Lucknow,Uttar Pradesh,Regular,2025-12-12,2025-12-13,Debit Card,Delivered,1017,Backpack,Fashion,National,3,903.6,644.09,0.15,2710.8,406.62,2304.18,1932.27,371.91
50726,77,Riya Mehta,Other,Bengaluru,Karnataka,New,2024-03-17,2024-03-18,Net Banking,Delivered,1002,Smartwatch,Electronics,National,1,3606.11,2372.12,0.0,3606.11,0.0,3606.11,2372.12,1233.99
50684,193,Nisha Agarwal,Female,Ahmedabad,Gujarat,Regular,2024-11-11,2024-11-18,Credit Card,Returned,1012,Wall Clock,Home,Local,1,431.0,282.38,0.0,431.0,0.0,431.0,282.38,148.62
50099,142,Vivaan Singh,Female,Bengaluru,Karnataka,Regular,2025-09-03,2025-09-04,Wallet,Delivered,1035,Dumbbells,Sports,National,1,1867.02,1495.81,0.15,1867.02,280.05,1586.97,1495.81,91.16
50805,258,Vivaan Mehta,Female,Delhi,Delhi,Regular,2024-10-01,2024-10-07,Credit Card,Delivered,1029,Biography,Books,Global,1,1136.3,716.7,0.1,1136.3,113.63,1022.67,716.7,305.97
50407,30,Nisha Patel,Male,Hyderabad,Telangana,New,2026-01-25,2026-01-30,Cash,Delivered,1009,Storage Box,Home,Global,1,1556.03,1289.6,0.0,1556.03,0.0,1556.03,1289.6,266.43
50503,27,Aditi Patel,Female,Mumbai,Maharashtra,Regular,2025-03-27,,Wallet,Cancelled,1030,Comics,Books,Global,3,2869.89,2348.12,0.1,8609.67,860.97,7748.7,7044.36,704.34
51072,78,Aman Verma,Female,Jaipur,Rajasthan,Regular,2026-02-05,2026-02-09,Debit Card,Delivered,1029,Biography,Books,Global,1,1136.3,716.7,0.0,1136.3,0.0,1136.3,716.7,419.6
51057,32,Aarav Chopra,Male,Jaipur,Rajasthan,Regular,2024-10-31,2024-11-04,UPI,Returned,1021,Moisturizer,Beauty,Global,4,2179.97,1276.18,0.1,8719.88,871.99,7847.89,5104.72,2743.17
50930,175,Aman Joshi,Male,Ahmedabad,Gujarat,Regular,2026-04-27,2026-04-30,UPI,Returned,1018,Watch,Fashion,National,1,2767.2,2038.19,0.0,2767.2,0.0,2767.2,2038.19,729.01
50780,117,Dev Khan,Male,Bengaluru,Karnataka,Regular,2025-07-08,2025-07-12,Debit Card,Delivered,1035,Dumbbells,Sports,National,1,1867.02,1495.81,0.05,1867.02,93.35,1773.67,1495.81,277.86
50201,271,Sanya Khan,Male,Hyderabad,Telangana,Regular,2024-04-09,2024-04-15,Cash,Delivered,1018,Watch,Fashion,National,1,2767.2,2038.19,0.1,2767.2,276.72,2490.48,2038.19,452.29
50135,101,Yash Chopra,Female,Jaipur,Rajasthan,Regular,2024-06-12,,Debit Card,Cancelled,1034,Skipping Rope,Sports,Global,2,2452.91,1835.2,0.05,4905.82,245.29,4660.53,3670.4,990.13
51052,7,Aarav Sharma,Female,Kolkata,West Bengal,Premium,2025-12-12,2025-12-19,Net Banking,Delivered,1010,Water Bottle,Home,Global,1,2359.62,1449.8,0.0,2359.62,0.0,2359.62,1449.8,909.82
50041,188,Kabir Gupta,Male,Jaipur,Rajasthan,Premium,2025-01-29,2025-01-31,Cash,Delivered,1026,Programming Book,Books,Local,1,903.16,551.63,0.15,903.16,135.47,767.69,551.63,216.06
51018,188,Kabir Gupta,Male,Jaipur,Rajasthan,Premium,2025-03-05,2025-03-10,Wallet,Delivered,1028,Exam Guide,Books,Global,1,847.54,716.34,0.1,847.54,84.75,762.79,716.34,46.45
50231,109,Rohan Bansal,Female,Mumbai,Maharashtra,Regular,2025-06-30,2025-07-03,UPI,Delivered,1005,Keyboard,Electronics,National,2,494.6,310.77,0.15,989.2,148.38,840.82,621.54,219.28
50379,33,Ananya Singh,Male,Jaipur,Rajasthan,New,2024-08-16,2024-08-21,Wallet,Delivered,1027,Data Science Book,Books,Local,1,276.54,194.56,,276.54,0.0,276.54,194.56,81.98
50289,156,Tanya Chopra,Male,Lucknow,Uttar Pradesh,Premium,2025-04-17,2025-04-19,Credit Card,Delivered,1018,Watch,Fashion,National,1,2767.2,2038.19,0.1,2767.2,276.72,2490.48,2038.19,452.29
50419,26,Arjun Joshi,Other,Mumbai,Maharashtra,Regular,2025-01-17,2025-01-19,Credit Card,Delivered,1028,Exam Guide,Books,Global,2,847.54,716.34,0.15,1695.08,254.26,1440.82,1432.68,8.14
50392,66,Arjun Verma,Male,Delhi,Delhi,Regular,2026-03-23,2026-03-26,Cash,Delivered,1013,T-Shirt,Fashion,Local,1,1702.87,1433.92,0.0,1702.87,0.0,1702.87,1433.92,268.95
50593,299,Tanya Chopra,Female,Indore,Madhya Pradesh,New,2025-12-20,2025-12-22,Debit Card,Shipped,1002,Smartwatch,Electronics,National,1,3606.11,2372.12,0.2,3606.11,721.22,2884.89,2372.12,512.77
51087,262,Yash Chopra,Female,Jaipur,Rajasthan,New,2024-07-12,2024-07-16,Debit Card,Delivered,1029,Biography,Books,Global,1,1136.3,716.7,0.0,1136.3,0.0,1136.3,716.7,419.6
50648,103,Neha Singh,Male,Hyderabad,Telangana,New,2025-01-30,2025-02-06,Debit Card,Delivered,1026,Programming Book,Books,Local,1,903.16,551.63,0.05,903.16,45.16,858.0,551.63,306.37
50521,96,Rohan Jain,Female,Bengaluru,Karnataka,New,2024-04-12,2024-04-17,Credit Card,Delivered,1032,Cricket Bat,Sports,Global,1,2636.49,1926.4,0.15,2636.49,395.47,2241.02,1926.4,314.62
50065,211,Rohan Agarwal,Male,Chandigarh,Chandigarh,Regular,2025-02-09,2025-02-12,Cash,Delivered,1030,Comics,Books,Global,4,2869.89,2348.12,0.0,11479.56,0.0,11479.56,9392.48,2087.08
50015,242,Ananya Bansal,Female,Jaipur,Rajasthan,Regular,2025-08-03,2025-08-08,Debit Card,Delivered,1034,Skipping Rope,Sports,Global,1,2452.91,1835.2,0.05,2452.91,122.65,2330.26,1835.2,495.06
51065,266,Kabir Joshi,Female,Hyderabad,Telangana,Premium,2024-11-24,2024-11-29,Debit Card,Delivered,1023,Sunscreen,Beauty,Local,1,2823.99,1634.38,0.0,2823.99,0.0,2823.99,1634.38,1189.61
50493,90,Ananya Bansal,Male,Bengaluru,Karnataka,Regular,2024-12-22,2024-12-26,UPI,Delivered,1028,Exam Guide,Books,Global,1,847.54,716.34,0.0,847.54,0.0,847.54,716.34,131.2
50380,161,Arjun Verma,Female,Kolkata,West Bengal,Regular,2026-01-16,2026-01-21,Credit Card,Delivered,1018,Watch,Fashion,National,1,2767.2,2038.19,0.15,2767.2,415.08,2352.12,2038.19,313.93
50188,99,Nisha Verma,Female,Jaipur,Rajasthan,Regular,2025-08-10,2025-08-15,Debit Card,Delivered,1007,Table Lamp,Home,Local,2,2919.43,1909.82,0.2,5838.86,1167.77,4671.09,3819.64,851.45
50764,73,Rohan Joshi,Male,Hyderabad,Telangana,New,2026-01-15,2026-01-17,Wallet,Delivered,1018,Watch,Fashion,National,1,2767.2,2038.19,0.0,2767.2,0.0,2767.2,2038.19,729.01
50217,83,Tanya Joshi,Female,Chennai,Tamil Nadu,New,2026-06-15,2026-06-17,UPI,Delivered,1032,Cricket Bat,Sports,Global,2,2636.49,1926.4,0.2,5272.98,1054.6,4218.38,3852.8,365.58
50792,176,Vivaan Gupta,Male,Mumbai,Maharashtra,Regular,2025-01-21,2025-01-23,UPI,Shipped,1023,Sunscreen,Beauty,Local,1,2823.99,1634.38,0.15,2823.99,423.6,2400.39,1634.38,766.01
51077,11,Dev Chopra,Female,Hyderabad,Telangana,Regular,2024-02-24,2024-03-01,Cash,Delivered,1016,Sneakers,Fashion,Global,1,3204.04,2097.3,0.1,3204.04,320.4,2883.64,2097.3,786.34
50879,221,Simran Singh,Male,Lucknow,Uttar Pradesh,Regular,2024-09-18,2024-09-19,Net Banking,Delivered,1003,Bluetooth Speaker,Electronics,Local,1,721.29,594.58,0.0,721.29,0.0,721.29,594.58,126.71
50338,221,Simran Singh,Male,Lucknow,Uttar Pradesh,Regular,2026-05-17,2026-05-21,Cash,Shipped,1036,Sports Bottle,Sports,Global,1,4088.91,2569.4,0.0,4088.91,0.0,4088.91,2569.4,1519.51
50720,285,Priya Bansal,Male,Lucknow,Uttar Pradesh,Regular,2024-09-30,2024-10-02,Wallet,Shipped,1034,Skipping Rope,Sports,Global,1,2452.91,1835.2,0.0,2452.91,0.0,2452.91,1835.2,617.71
50296,149,Priya Verma,Female,Chennai,Tamil Nadu,Premium,2024-04-24,2024-04-28,Debit Card,Delivered,1028,Exam Guide,Books,Global,1,847.54,716.34,0.1,847.54,84.75,762.79,716.34,46.45
51017,166,Dev Joshi,Female,Jaipur,Rajasthan,Regular,2024-07-23,2024-07-28,Debit Card,Delivered,1026,Programming Book,Books,Local,2,903.16,551.63,0.2,1806.32,361.26,1445.06,1103.26,341.8
50456,137,Tanya Mehta,Female,Chandigarh,Chandigarh,New,2026-04-15,,Net Banking,Cancelled,1030,Comics,Books,Global,1,2869.89,2348.12,0.1,2869.89,286.99,2582.9,2348.12,234.78
50816,145,Vivaan Agarwal,Female,Pune,Maharashtra,Regular,2026-01-10,2026-01-13,UPI,Returned,1013,T-Shirt,Fashion,Local,2,1702.87,1433.92,0.05,3405.74,170.29,3235.45,2867.84,367.61
50270,235,Kabir Chopra,Female,Hyderabad,Telangana,New,2025-06-02,2025-06-05,Debit Card,Delivered,1027,Data Science Book,Books,Local,2,276.54,194.56,0.0,553.08,0.0,553.08,389.12,163.96
50996,252,Yash Chopra,Female,Indore,Madhya Pradesh,Regular,2025-06-10,2025-06-16,upi,Delivered,1025,Novel,Books,Local,2,3152.83,1822.24,0.15,6305.66,945.85,5359.81,3644.48,1715.33
50202,289,Manav Chopra,Male,Bengaluru,Karnataka,New,2024-09-26,2024-09-27,Cash,Shipped,1024,Hair Serum,Beauty,Local,2,1678.65,1257.73,0.15,3357.3,503.6,2853.7,2515.46,338.24
50162,235,Kabir Chopra,Female,Hyderabad,Telangana,New,2024-08-14,2024-08-19,UPI,Delivered,1010,Water Bottle,Home,Global,1,2359.62,1449.8,0.0,2359.62,0.0,2359.62,1449.8,909.82
50730,279,Arjun Gupta,Female,Chennai,Tamil Nadu,Regular,2025-12-18,,Net Banking,Cancelled,1015,Hoodie,Fashion,Global,1,256.42,195.5,0.0,256.42,0.0,256.42,195.5,60.92
50402,249,Manav Chopra,Female,Ahmedabad,Gujarat,Regular,2025-07-03,2025-07-04,Debit Card,Delivered,1014,Jeans,Fashion,Local,1,4761.64,2902.05,0.0,4761.64,0.0,4761.64,2902.05,1859.59
50703,245,Neha Sharma,Male,Bengaluru,Karnataka,Premium,2026-04-26,2026-04-29,Cash,Delivered,1021,Moisturizer,Beauty,Global,2,2179.97,1276.18,0.1,4359.94,435.99,3923.95,2552.36,1371.59
51130,231,Tanya Gupta,Female,Chennai,Tamil Nadu,Regular,2025-09-08,2025-09-15,Cash,Delivered,1034,Skipping Rope,Sports,Global,1,2452.91,1835.2,0.15,2452.91,367.94,2084.97,1835.2,249.77
50566,169,Tanya Khan,Male,Mumbai,Maharashtra,Premium,2025-06-17,2025-06-24,Cash,Delivered,1029,Biography,Books,Global,1,1136.3,716.7,0.05,1136.3,56.82,1079.48,716.7,362.78
51022,293,Neha Gupta,Female,Kolkata,West Bengal,Regular,2024-06-10,,Credit Card,Cancelled,1014,Jeans,Fashion,Local,2,4761.64,2902.05,0.0,9523.28,0.0,9523.28,5804.1,3719.18
51026,13,Kriti Mehta,Female,Jaipur,Rajasthan,Regular,2025-08-03,2025-08-05,UPI,Delivered,1025,Novel,Books,Local,2,3152.83,1822.24,0.05,6305.66,315.28,5990.38,3644.48,2345.9
51105,50,Ishita Chopra,Male,Ahmedabad,Gujarat,Regular,2024-04-14,2024-04-19,Debit Card,Delivered,1008,Bedsheet,Home,Global,1,1858.88,1381.04,0.0,1858.88,0.0,1858.88,1381.04,477.84
50206,124,Karan Singh,Male,Lucknow,Uttar Pradesh,New,2024-04-22,2024-04-27,Net Banking,Delivered,1011,Cushion Set,Home,Local,1,2158.18,1240.02,0.0,2158.18,0.0,2158.18,1240.02,918.16
50035,130,Nisha Joshi,Female,Delhi,Delhi,Regular,2025-01-16,2025-01-19,Net Banking,Returned,1031,Yoga Mat,Sports,Local,2,3412.53,2005.57,0.2,6825.06,1365.01,5460.05,4011.14,1448.91
50776,80,Meera Bansal,Female,Lucknow,Uttar Pradesh,Regular,2025-08-28,2025-09-04,UPI,Delivered,1022,Perfume,Beauty,Global,1,3417.35,2777.34,0.1,3417.35,341.74,3075.61,2777.34,298.27
50509,30,Nisha Patel,Male,Hyderabad,Telangana,New,2025-12-25,2025-12-31,UPI,Delivered,1005,Keyboard,Electronics,National,1,494.6,310.77,0.0,494.6,0.0,494.6,310.77,183.83
51184,294,Manav Bansal,Male,Delhi,Delhi,Regular,2025-02-03,2025-02-06,Cash,Delivered,1033,Football,Sports,Global,1,1414.92,1036.3,0.0,1414.92,0.0,1414.92,1036.3,378.62
50092,60,Nisha Bansal,Female,Ahmedabad,Gujarat,New,2025-01-11,2025-01-15,Cash,Delivered,1009,Storage Box,Home,Global,1,1556.03,1289.6,0.05,1556.03,77.8,1478.23,1289.6,188.63
50898,251,Kabir Gupta,Male,Mumbai,Maharashtra,Premium,2025-01-24,2025-01-29,Net Banking,Delivered,1007,Table Lamp,Home,Local,2,2919.43,1909.82,0.05,5838.86,291.94,5546.92,3819.64,1727.28
50565,128,Vivaan Mehta,Other,Pune,Maharashtra,Regular,2024-11-02,2024-11-04,Debit Card,Delivered,1036,Sports Bottle,Sports,Global,1,4088.91,2569.4,0.2,4088.91,817.78,3271.13,2569.4,701.73
50777,94,Priya Sharma,Female,Indore,Madhya Pradesh,Regular,2026-03-29,2026-03-30,Credit Card,Delivered,1031,Yoga Mat,Sports,Local,1,3412.53,2005.57,0.05,3412.53,170.63,3241.9,2005.57,1236.33
50242,271,Sanya Khan,Male,Hyderabad,Telangana,Regular,2026-06-17,2026-06-19,Wallet,Delivered,1030,Comics,Books,Global,1,2869.89,2348.12,0.0,2869.89,0.0,2869.89,2348.12,521.77
50014,50,Ishita Chopra,Male,Ahmedabad,Gujarat,Regular,2025-10-25,2025-11-01,Cash,Shipped,1010,Water Bottle,Home,Global,2,2359.62,1449.8,0.1,4719.24,471.92,4247.32,2899.6,1347.72
50316,273,Ishita Bansal,Male,Mumbai,Maharashtra,Premium,2024-09-05,2024-09-08,Net Banking,Delivered,1007,Table Lamp,Home,Local,1,2919.43,1909.82,0.0,2919.43,0.0,2919.43,1909.82,1009.61
50601,225,Arjun Patel,Female,Chennai,Tamil Nadu,Regular,2025-05-27,2025-05-31,Net Banking,Delivered,1019,Face Wash,Beauty,Local,1,1116.61,742.63,0.0,1116.61,0.0,1116.61,742.63,373.98
50388,208,Meera Sharma,Male,Chennai,Tamil Nadu,Regular,2025-09-13,2025-09-19,UPI,Delivered,1025,Novel,Books,Local,3,3152.83,1822.24,0.2,9458.49,1891.7,7566.79,5466.72,2100.07
50167,33,Ananya Singh,Male,Jaipur,Rajasthan,New,2024-02-24,2024-03-02,Cash,Delivered,1012,Wall Clock,Home,Local,1,431.0,282.38,0.0,431.0,0.0,431.0,282.38,148.62
50841,286,Rahul Chopra,Male,Kolkata,West Bengal,Regular,2024-01-18,2024-01-19,Debit Card,Delivered,1026,Programming Book,Books,Local,1,903.16,551.63,0.0,903.16,0.0,903.16,551.63,351.53
50021,67,Riya Chopra,Female,Jaipur,Rajasthan,Premium,2026-03-22,2026-03-23,Debit Card,Delivered,1022,Perfume,Beauty,Global,2,3417.35,2777.34,0.2,6834.7,1366.94,5467.76,5554.68,-86.92
50647,235,Kabir Chopra,Female,Hyderabad,Telangana,New,2026-05-04,2026-05-07,Wallet,Delivered,1029,Biography,Books,Global,4,1136.3,716.7,0.05,4545.2,227.26,4317.94,2866.8,1451.14
51155,201,Tanya Sharma,Female,Lucknow,Uttar Pradesh,Regular,2026-01-30,2026-02-06,Net Banking,Delivered,1018,Watch,Fashion,National,1,2767.2,2038.19,0.0,2767.2,0.0,2767.2,2038.19,729.01
50832,137,Tanya Mehta,Female,Chandigarh,Chandigarh,New,2026-05-07,2026-05-11,Wallet,Delivered,1021,Moisturizer,Beauty,Global,1,2179.97,1276.18,0.1,2179.97,218.0,1961.97,1276.18,685.79
50563,26,Arjun Joshi,Other,Mumbai,Maharashtra,Regular,2024-06-09,2024-06-13,Credit Card,Delivered,1007,Table Lamp,Home,Local,1,2919.43,1909.82,0.05,2919.43,145.97,2773.46,1909.82,863.64
51171,28,Ananya Sharma,Male,Ahmedabad,Gujarat,Regular,2026-03-04,2026-03-11,UPI,Delivered,1021,Moisturizer,Beauty,Global,1,2179.97,1276.18,0.0,2179.97,0.0,2179.97,1276.18,903.79
50687,203,Riya Patel,Other,Bengaluru,Karnataka,Regular,2026-02-21,2026-02-28,Cash,Delivered,1010,Water Bottle,Home,Global,1,2359.62,1449.8,0.15,2359.62,353.94,2005.68,1449.8,555.88
50958,55,Simran Jain,Male,Pune,Maharashtra,Regular,2025-06-26,2025-07-01,Cash,Delivered,1017,Backpack,Fashion,National,1,903.6,644.09,,903.6,0.0,903.6,644.09,259.51
50190,271,Sanya Khan,Male,Hyderabad,Telangana,Regular,2025-02-24,2025-02-27,Debit Card,Delivered,1036,Sports Bottle,Sports,Global,2,4088.91,2569.4,0.1,8177.82,817.78,7360.04,5138.8,2221.24
50976,199,Rahul Joshi,Male,Hyderabad,Telangana,Premium,2025-08-14,2025-08-21,Wallet,Delivered,1014,Jeans,Fashion,Local,1,4761.64,2902.05,0.0,4761.64,0.0,4761.64,2902.05,1859.59
50700,42,Advik Chopra,Male,Mumbai,Maharashtra,Regular,2025-08-19,2025-08-26,Debit Card,Delivered,1005,Keyboard,Electronics,National,1,494.6,310.77,0.05,494.6,24.73,469.87,310.77,159.1
50511,292,Advik Chopra,Male,Lucknow,Uttar Pradesh,New,2025-01-12,2025-01-18,Wallet,Delivered,1001,Wireless Earbuds,Electronics,Global,2,2096.32,1217.44,0.05,4192.64,209.63,3983.01,2434.88,1548.13
51083,27,Aditi Patel,Female,Mumbai,Maharashtra,Regular,2024-07-11,2024-07-18,Net Banking,Shipped,1026,Programming Book,Books,Local,2,903.16,551.63,0.0,1806.32,0.0,1806.32,1103.26,703.06
50475,81,Sanya Gupta,Female,Chandigarh,Chandigarh,Regular,2024-11-25,2024-11-27,Net Banking,Delivered,1011,Cushion Set,Home,Local,1,2158.18,1240.02,0.1,2158.18,215.82,1942.36,1240.02,702.34
50857,197,Sanya Bansal,Female,Delhi,Delhi,Regular,2025-04-15,2025-04-21,Wallet,Delivered,1033,Football,Sports,Global,1,1414.92,1036.3,0.05,1414.92,70.75,1344.17,1036.3,307.87
50748,53,Nisha Mehta,Male,Bengaluru,Karnataka,Regular,2025-01-09,2025-01-14,Cash,Delivered,1015,Hoodie,Fashion,Global,1,256.42,195.5,0.0,256.42,0.0,256.42,195.5,60.92
50253,110,Neha Patel,Male,Chennai,Tamil Nadu,Regular,2026-02-19,2026-02-26,Wallet,Delivered,1010,Water Bottle,Home,Global,2,2359.62,1449.8,0.15,4719.24,707.89,4011.35,2899.6,1111.75
50022,291,Kabir Mehta,Male,Ahmedabad,Gujarat,Regular,2024-12-19,2024-12-24,Cash,Delivered,1008,Bedsheet,Home,Global,1,1858.88,1381.04,0.0,1858.88,0.0,1858.88,1381.04,477.84
50460,92,Riya Joshi,Male,Delhi,Delhi,New,2025-03-08,2025-03-09,Net Banking,Delivered,1003,Bluetooth Speaker,Electronics,Local,1,721.29,594.58,0.15,721.29,108.19,613.1,594.58,18.52
50277,11,Dev Chopra,Female,Hyderabad,Telangana,Regular,2024-10-28,2024-11-01,Net Banking,Delivered,1010,Water Bottle,Home,Global,1,2359.62,1449.8,0.0,2359.62,0.0,2359.62,1449.8,909.82
50956,194,Tanya Bansal,Female,Hyderabad,Telangana,Regular,2024-02-04,2024-02-11,Debit Card,Returned,1008,Bedsheet,Home,Global,3,1858.88,1381.04,0.0,5576.64,0.0,5576.64,4143.12,1433.52
50386,175,Aman Joshi,Male,Ahmedabad,Gujarat,Regular,2026-06-18,2026-06-22,Debit Card,Delivered,1008,Bedsheet,Home,Global,1,1858.88,1381.04,0.05,1858.88,92.94,1765.94,1381.04,384.9
50806,84,Karan Mehta,Female,Bengaluru,Karnataka,Regular,2025-01-21,2025-01-26,Credit Card,Delivered,1026,Programming Book,Books,Local,1,903.16,551.63,0.15,903.16,135.47,767.69,551.63,216.06
50344,209,Arjun Mehta,Male,Indore,Madhya Pradesh,Regular,2024-08-12,2024-08-16,UPI,Delivered,1028,Exam Guide,Books,Global,2,847.54,716.34,0.1,1695.08,169.51,1525.57,1432.68,92.89
50770,292,Advik Chopra,Male,Lucknow,Uttar Pradesh,New,2024-10-14,2024-10-15,Credit Card,Delivered,1010,Water Bottle,Home,Global,2,2359.62,1449.8,0.0,4719.24,0.0,4719.24,2899.6,1819.64
50131,109,Rohan Bansal,Female,Mumbai,Maharashtra,Regular,2026-01-05,2026-01-11,Cash,Delivered,1005,Keyboard,Electronics,National,1,494.6,310.77,0.05,494.6,24.73,469.87,310.77,159.1
50872,114,Aditi Sharma,Female,Lucknow,Uttar Pradesh,Regular,2024-01-26,2024-01-30,Cash,Delivered,1033,Football,Sports,Global,1,1414.92,1036.3,0.1,1414.92,141.49,1273.43,1036.3,237.13
51124,161,Arjun Verma,Female,Kolkata,West Bengal,Regular,2024-06-09,2024-06-10,Credit Card,Returned,1023,Sunscreen,Beauty,Local,3,2823.99,1634.38,0.0,8471.97,0.0,8471.97,4903.14,3568.83
50088,176,Vivaan Gupta,Male,Mumbai,Maharashtra,Regular,2025-09-10,2025-09-13,Wallet,Delivered,1006,Mouse,Electronics,Local,3,969.37,755.17,0.15,2908.11,436.22,2471.89,2265.51,206.38
50331,18,Ananya Singh,Female,Lucknow,Uttar Pradesh,Regular,2025-04-27,2025-04-29,Credit Card,Delivered,1016,Sneakers,Fashion,Global,1,3204.04,2097.3,0.1,3204.04,320.4,2883.64,2097.3,786.34
50467,279,Arjun Gupta,Female,Chennai,Tamil Nadu,Regular,2024-12-02,2024-12-06,Cash,Shipped,1002,Smartwatch,Electronics,National,1,3606.11,2372.12,0.1,3606.11,360.61,3245.5,2372.12,873.38
50122,213,Arjun Bansal,Male,Hyderabad,Telangana,Premium,2025-07-27,2025-07-30,UPI,Delivered,1023,Sunscreen,Beauty,Local,2,2823.99,1634.38,0.0,5647.98,0.0,5647.98,3268.76,2379.22
51045,128,Vivaan Mehta,Other,Pune,Maharashtra,Regular,2024-07-03,2024-07-06,Net Banking,Delivered,1032,Cricket Bat,Sports,Global,1,2636.49,1926.4,0.05,2636.49,131.82,2504.67,1926.4,578.27
51096,6,Dev Bansal,Male,Lucknow,Uttar Pradesh,Regular,2026-05-02,2026-05-04,Cash,Delivered,1025,Novel,Books,Local,2,3152.83,1822.24,0.1,6305.66,630.57,5675.09,3644.48,2030.61
51131,19,Meera Verma,Female,Kolkata,West Bengal,Regular,2026-03-02,2026-03-08,Cash,Delivered,1017,Backpack,Fashion,National,2,903.6,644.09,0.05,1807.2,90.36,1716.84,1288.18,428.66
50861,300,Aarav Singh,Female,Ahmedabad,Gujarat,Regular,2024-05-12,2024-05-18,Wallet,Delivered,1030,Comics,Books,Global,1,2869.89,2348.12,0.2,2869.89,573.98,2295.91,2348.12,-52.21
51127,179,Nisha Singh,Female,Pune,Maharashtra,New,2024-02-16,2024-02-23,Credit Card,Delivered,1028,Exam Guide,Books,Global,1,847.54,716.34,0.0,847.54,0.0,847.54,716.34,131.2
